Workbook

Sheet mdr_rate
A1: payment_method | B1: amount_above | C1: amount_up_to | D1: mdr_pct | E1: gst_on_mdr_pct
A2: UPI | B2: 0 | C2: 2000 | D2: 0 | E2: 18
A3: UPI | B3: 2000 | D3: 0.3 | E3: 18
A4: Card | B4: 0 | C4: 2000 | D4: 1.8 | E4: 18
A5: Card | B5: 2000 | D5: 1.6 | E5: 18
A6: NetBanking | B6: 0 | C6: 2000 | D6: 1.5 | E6: 18
A7: NetBanking | B7: 2000 | C7: 10000 | D7: 1.2 | E7: 18
A8: NetBanking | B8: 10000 | D8: 0.9 | E8: 18
A9: Wallet | B9: 0 | C9: 2000 | D9: 1.9 | E9: 18
A10: Wallet | B10: 2000 | D10: 1.7 | E10: 18

Sheet mdr_rate_cleaned
A1: payment_method | B1: amount_above | C1: amount_up_to | D1: mdr_pct | E1: gst_on_mdr_pct | F1: amount_up_to_clean | G1: mdr_rate | H1: gst_rate | I1: slab_label
A2: UPI | B2: 0 | C2: 2000 | D2: 0 | E2: 18 | F2: =IF(C2="",999999999,C2) -> 2000 | G2: =D2/100 -> 0 | H2: =E2/100 -> 0.18 | I2: =A2&" | above "&B2&" up to "&IF(C2="","no limit",C2) -> UPI | above 0 up to 2000
A3: UPI | B3: 2000 | D3: 0.3 | E3: 18 | F3: =IF(C3="",999999999,C3) -> 999999999 | G3: =D3/100 -> 0.003 | H3: =E3/100 -> 0.18 | I3: =A3&" | above "&B3&" up to "&IF(C3="","no limit",C3) -> UPI | above 2000 up to no limit
A4: Card | B4: 0 | C4: 2000 | D4: 1.8 | E4: 18 | F4: =IF(C4="",999999999,C4) -> 2000 | G4: =D4/100 -> 0.018 | H4: =E4/100 -> 0.18 | I4: =A4&" | above "&B4&" up to "&IF(C4="","no limit",C4) -> Card | above 0 up to 2000
A5: Card | B5: 2000 | D5: 1.6 | E5: 18 | F5: =IF(C5="",999999999,C5) -> 999999999 | G5: =D5/100 -> 0.016 | H5: =E5/100 -> 0.18 | I5: =A5&" | above "&B5&" up to "&IF(C5="","no limit",C5) -> Card | above 2000 up to no limit
A6: NetBanking | B6: 0 | C6: 2000 | D6: 1.5 | E6: 18 | F6: =IF(C6="",999999999,C6) -> 2000 | G6: =D6/100 -> 0.015 | H6: =E6/100 -> 0.18 | I6: =A6&" | above "&B6&" up to "&IF(C6="","no limit",C6) -> NetBanking | above 0 up to 2000
A7: NetBanking | B7: 2000 | C7: 10000 | D7: 1.2 | E7: 18 | F7: =IF(C7="",999999999,C7) -> 10000 | G7: =D7/100 -> 0.012 | H7: =E7/100 -> 0.18 | I7: =A7&" | above "&B7&" up to "&IF(C7="","no limit",C7) -> NetBanking | above 2000 up to 10000
A8: NetBanking | B8: 10000 | D8: 0.9 | E8: 18 | F8: =IF(C8="",999999999,C8) -> 999999999 | G8: =D8/100 -> 0.009 | H8: =E8/100 -> 0.18 | I8: =A8&" | above "&B8&" up to "&IF(C8="","no limit",C8) -> NetBanking | above 10000 up to no limit
A9: Wallet | B9: 0 | C9: 2000 | D9: 1.9 | E9: 18 | F9: =IF(C9="",999999999,C9) -> 2000 | G9: =D9/100 -> 0.019 | H9: =E9/100 -> 0.18 | I9: =A9&" | above "&B9&" up to "&IF(C9="","no limit",C9) -> Wallet | above 0 up to 2000
A10: Wallet | B10: 2000 | D10: 1.7 | E10: 18 | F10: =IF(C10="",999999999,C10) -> 999999999 | G10: =D10/100 -> 0.017 | H10: =E10/100 -> 0.18 | I10: =A10&" | above "&B10&" up to "&IF(C10="","no limit",C10) -> Wallet | above 2000 up to no limit

Sheet mdr_test
A1: pg_txn_id | B1: payment_method | C1: gross_amount | D1: mdr_fee | E1: gst_fee | F1: slabs_matched | G1: mdr_rate | H1: expected_mdr | I1: mdr_status | J1: gst_status | K1: expected_gst | L1: fee_overcharge
A2: pay_420000065 | B2: Wallet | C2: 6798 | D2: 163.15 | E2: 29.37 | F2: =COUNTIFS(mdr_rate_cleaned!$A$2:$A$10,B2,mdr_rate_cleaned!$B$2:$B$10,"<"&C2,mdr_rate_cleaned!$F$2:$F$10,">="&C2) -> 1 | G2: =SUMIFS(mdr_rate_cleaned!$G$2:$G$10,mdr_rate_cleaned!$A$2:$A$10,B2,mdr_rate_cleaned!$B$2:$B$10,"<"&C2,mdr_rate_cleaned!$F$2:$F$10,">="&C2) -> 0.017 | H2: =ROUND(C2*G2,2) -> 115.57 | I2: =IF(ROUND(D2-H2,2)=0,"Match","Differs") -> Differs | J2: =IF(ROUND(E2-ROUND(D2*0.18,2),2)=0,"Match","Differs") -> Match | K2: 20.8 | L2: 56.15
A3: pay_420000121 | B3: Card | C3: 11297 | D3: 180.75 | E3: 32.54 | F3: =COUNTIFS(mdr_rate_cleaned!$A$2:$A$10,B3,mdr_rate_cleaned!$B$2:$B$10,"<"&C3,mdr_rate_cleaned!$F$2:$F$10,">="&C3) -> 1 | G3: 0.016 | H3: 180.75 | I3: Match | J3: Match | K3: 32.54 | L3: 0
A4: pay_420000170 | B4: Card | C4: 4999 | D4: 79.98 | E4: 14.4 | F4: =COUNTIFS(mdr_rate_cleaned!$A$2:$A$10,B4,mdr_rate_cleaned!$B$2:$B$10,"<"&C4,mdr_rate_cleaned!$F$2:$F$10,">="&C4) -> 1 | G4: 0.016 | H4: 79.98 | I4: Match | J4: Match | K4: 14.4 | L4: 0
A5: pay_420000229 | B5: Card | C5: 349 | D5: 6.28 | E5: 1.13 | F5: =COUNTIFS(mdr_rate_cleaned!$A$2:$A$10,B5,mdr_rate_cleaned!$B$2:$B$10,"<"&C5,mdr_rate_cleaned!$F$2:$F$10,">="&C5) -> 1 | G5: 0.018 | H5: 6.28 | I5: Match | J5: Match | K5: 1.13 | L5: 0
A6: pay_420000236 | B6: UPI | C6: 9498 | D6: 28.49 | E6: 5.13 | F6: =COUNTIFS(mdr_rate_cleaned!$A$2:$A$10,B6,mdr_rate_cleaned!$B$2:$B$10,"<"&C6,mdr_rate_cleaned!$F$2:$F$10,">="&C6) -> 1 | G6: 0.003 | H6: 28.49 | I6: Match | J6: Match | K6: 5.13 | L6: 0
A7: pay_420000249 | B7: Card | C7: 7999 | D7: 127.98 | E7: 23.04 | F7: =COUNTIFS(mdr_rate_cleaned!$A$2:$A$10,B7,mdr_rate_cleaned!$B$2:$B$10,"<"&C7,mdr_rate_cleaned!$F$2:$F$10,">="&C7) -> 1 | G7: 0.016 | H7: 127.98 | I7: Match | J7: Match | K7: 23.04 | L7: 0
A8: pay_420000316 | B8: Card | C8: 1299 | D8: 23.38 | E8: 4.21 | F8: =COUNTIFS(mdr_rate_cleaned!$A$2:$A$10,B8,mdr_rate_cleaned!$B$2:$B$10,"<"&C8,mdr_rate_cleaned!$F$2:$F$10,">="&C8) -> 1 | G8: 0.018 | H8: 23.38 | I8: Match | J8: Match | K8: 4.21 | L8: 0
A9: pay_420000355 | B9: UPI | C9: 1799 | D9: 0 | E9: 0 | F9: =COUNTIFS(mdr_rate_cleaned!$A$2:$A$10,B9,mdr_rate_cleaned!$B$2:$B$10,"<"&C9,mdr_rate_cleaned!$F$2:$F$10,">="&C9) -> 1 | G9: 0 | H9: 0 | I9: Match | J9: Match | K9: 0 | L9: 0
A10: pay_420000357 | B10: UPI | C10: 4298 | D10: 12.89 | E10: 2.32 | F10: =COUNTIFS(mdr_rate_cleaned!$A$2:$A$10,B10,mdr_rate_cleaned!$B$2:$B$10,"<"&C10,mdr_rate_cleaned!$F$2:$F$10,">="&C10) -> 1 | G10: 0.003 | H10: 12.89 | I10: Match | J10: Match | K10: 2.32 | L10: 0
A11: pay_420000392 | B11: Card | C11: 799 | D11: 14.38 | E11: 2.59 | F11: =COUNTIFS(mdr_rate_cleaned!$A$2:$A$10,B11,mdr_rate_cleaned!$B$2:$B$10,"<"&C11,mdr_rate_cleaned!$F$2:$F$10,">="&C11) -> 1 | G11: 0.018 | H11: 14.38 | I11: Match | J11: Match | K11: 2.59 | L11: 0
A12: pay_420000449 | B12: Wallet | C12: 4297 | D12: 73.05 | E12: 13.15 | F12: =COUNTIFS(mdr_rate_cleaned!$A$2:$A$10,B12,mdr_rate_cleaned!$B$2:$B$10,"<"&C12,mdr_rate_cleaned!$F$2:$F$10,">="&C12) -> 1 | G12: 0.017 | H12: 73.05 | I12: Match | J12: Match | K12: 13.15 | L12: 0
A13: pay_420000460 | B13: Card | C13: 898 | D13: 16.16 | E13: 2.91 | F13: =COUNTIFS(mdr_rate_cleaned!$A$2:$A$10,B13,mdr_rate_cleaned!$B$2:$B$10,"<"&C13,mdr_rate_cleaned!$F$2:$F$10,">="&C13) -> 1 | G13: 0.018 | H13: 16.16 | I13: Match | J13: Match | K13: 2.91 | L13: 0
A14: pay_420000471 | B14: Card | C14: 9498 | D14: 151.97 | E14: 27.35 | F14: =COUNTIFS(mdr_rate_cleaned!$A$2:$A$10,B14,mdr_rate_cleaned!$B$2:$B$10,"<"&C14,mdr_rate_cleaned!$F$2:$F$10,">="&C14) -> 1 | G14: 0.016 | H14: 151.97 | I14: Match | J14: Match | K14: 27.35 | L14: 0
... A5500: pay_420005667 | B5500: UPI | C5500: 599 | D5500: 0 | E5500: 0 | F5500: =COUNTIFS(mdr_rate_cleaned!$A$2:$A$10,B5500,mdr_rate_cleaned!$B$2:$B$10,"<"&C5500,mdr_rate_cleaned!$F$2:$F$10,">="&C5500) -> 1 | G5500: 0 | H5500: 0 | I5500: Match | J5500: Match | K5500: 0 | L5500: 0
