Workbook

Sheet pg_transaction_cleaned
A1: pg_txn_id | B1: original_payment_id | C1: merchant_order_ref | D1: merchant_order_ref_changed | E1: txn_date | F1: txn_type | G1: payment_method | H1: gross_amount | I1: mdr_fee | J1: gst_on_fee | K1: net_amount | L1: settlement_date | M1: settlement_batch_id | N1: dup_flag | O1: order_key | P1: settlement_period
A2: pay_420000065 | C2: ORD26000066 | D2: =UPPER(SUBSTITUTE(TRIM(C2),"-","")) -> ORD26000066 | E2: 46266 | F2: CAPTURE | G2: Wallet | H2: 6798 | I2: 163.15 | J2: 29.37 | K2: 6605.48 | L2: 46268 | M2: STL-20260903 | N2: =IF(COUNTIF($A$2:A2,A2)>1,"DUP","OK") -> OK | O2: =IF(F2="REFUND",INDEX($D$2:$D$5743,MATCH(B2,$A$2:$A$5743,0)),D2) -> ORD26000066 | P2: =IF(L2>DATE(2026,9,30),"Oct-Due","Sep") -> Sep
A3: pay_420000121 | C3: ORD-26000130 | D3: =UPPER(SUBSTITUTE(TRIM(C3),"-","")) -> ORD26000130 | E3: 46266 | F3: CAPTURE | G3: Card | H3: 11297 | I3: 180.75 | J3: 32.54 | K3: 11083.71 | L3: 46268 | M3: STL-20260903 | N3: =IF(COUNTIF($A$2:A3,A3)>1,"DUP","OK") -> OK | O3: =IF(F3="REFUND",INDEX($D$2:$D$5743,MATCH(B3,$A$2:$A$5743,0)),D3) -> ORD26000130 | P3: =IF(L3>DATE(2026,9,30),"Oct-Due","Sep") -> Sep
A4: pay_420000170 | C4: ORD26000184 | D4: =UPPER(SUBSTITUTE(TRIM(C4),"-","")) -> ORD26000184 | E4: 46266 | F4: CAPTURE | G4: Card | H4: 4999 | I4: 79.98 | J4: 14.4 | K4: 4904.62 | L4: 46268 | M4: STL-20260903 | N4: =IF(COUNTIF($A$2:A4,A4)>1,"DUP","OK") -> OK | O4: =IF(F4="REFUND",INDEX($D$2:$D$5743,MATCH(B4,$A$2:$A$5743,0)),D4) -> ORD26000184 | P4: =IF(L4>DATE(2026,9,30),"Oct-Due","Sep") -> Sep
A5: pay_420000229 | C5: ORD26000244 | D5: =UPPER(SUBSTITUTE(TRIM(C5),"-","")) -> ORD26000244 | E5: 46266 | F5: CAPTURE | G5: Card | H5: 349 | I5: 6.28 | J5: 1.13 | K5: 341.59 | L5: 46268 | M5: STL-20260903 | N5: =IF(COUNTIF($A$2:A5,A5)>1,"DUP","OK") -> OK | O5: =IF(F5="REFUND",INDEX($D$2:$D$5743,MATCH(B5,$A$2:$A$5743,0)),D5) -> ORD26000244 | P5: =IF(L5>DATE(2026,9,30),"Oct-Due","Sep") -> Sep
A6: pay_420000236 | C6: ORD26000252 | D6: =UPPER(SUBSTITUTE(TRIM(C6),"-","")) -> ORD26000252 | E6: 46266 | F6: CAPTURE | G6: UPI | H6: 9498 | I6: 28.49 | J6: 5.13 | K6: 9464.38 | L6: 46268 | M6: STL-20260903 | N6: =IF(COUNTIF($A$2:A6,A6)>1,"DUP","OK") -> OK | O6: =IF(F6="REFUND",INDEX($D$2:$D$5743,MATCH(B6,$A$2:$A$5743,0)),D6) -> ORD26000252 | P6: =IF(L6>DATE(2026,9,30),"Oct-Due","Sep") -> Sep
A7: pay_420000249 | C7: ORD26000266 | D7: =UPPER(SUBSTITUTE(TRIM(C7),"-","")) -> ORD26000266 | E7: 46266 | F7: CAPTURE | G7: Card | H7: 7999 | I7: 127.98 | J7: 23.04 | K7: 7847.98 | L7: 46268 | M7: STL-20260903 | N7: =IF(COUNTIF($A$2:A7,A7)>1,"DUP","OK") -> OK | O7: =IF(F7="REFUND",INDEX($D$2:$D$5743,MATCH(B7,$A$2:$A$5743,0)),D7) -> ORD26000266 | P7: =IF(L7>DATE(2026,9,30),"Oct-Due","Sep") -> Sep
A8: pay_420000316 | C8: ORD26000331 | D8: =UPPER(SUBSTITUTE(TRIM(C8),"-","")) -> ORD26000331 | E8: 46266 | F8: CAPTURE | G8: Card | H8: 1299 | I8: 23.38 | J8: 4.21 | K8: 1271.41 | L8: 46268 | M8: STL-20260903 | N8: =IF(COUNTIF($A$2:A8,A8)>1,"DUP","OK") -> OK | O8: =IF(F8="REFUND",INDEX($D$2:$D$5743,MATCH(B8,$A$2:$A$5743,0)),D8) -> ORD26000331 | P8: =IF(L8>DATE(2026,9,30),"Oct-Due","Sep") -> Sep
A9: pay_420000355 | C9: ORD26000373 | D9: =UPPER(SUBSTITUTE(TRIM(C9),"-","")) -> ORD26000373 | E9: 46266 | F9: CAPTURE | G9: UPI | H9: 1799 | I9: 0 | J9: 0 | K9: 1799 | L9: 46268 | M9: STL-20260903 | N9: =IF(COUNTIF($A$2:A9,A9)>1,"DUP","OK") -> OK | O9: =IF(F9="REFUND",INDEX($D$2:$D$5743,MATCH(B9,$A$2:$A$5743,0)),D9) -> ORD26000373 | P9: =IF(L9>DATE(2026,9,30),"Oct-Due","Sep") -> Sep
A10: pay_420000357 | C10: ORD26000375 | D10: =UPPER(SUBSTITUTE(TRIM(C10),"-","")) -> ORD26000375 | E10: 46266 | F10: CAPTURE | G10: UPI | H10: 4298 | I10: 12.89 | J10: 2.32 | K10: 4282.79 | L10: 46268 | M10: STL-20260903 | N10: =IF(COUNTIF($A$2:A10,A10)>1,"DUP","OK") -> OK | O10: =IF(F10="REFUND",INDEX($D$2:$D$5743,MATCH(B10,$A$2:$A$5743,0)),D10) -> ORD26000375 | P10: =IF(L10>DATE(2026,9,30),"Oct-Due","Sep") -> Sep
A11: pay_420000392 | C11: ORD26000410 | D11: =UPPER(SUBSTITUTE(TRIM(C11),"-","")) -> ORD26000410 | E11: 46266 | F11: CAPTURE | G11: Card | H11: 799 | I11: 14.38 | J11: 2.59 | K11: 782.03 | L11: 46268 | M11: STL-20260903 | N11: =IF(COUNTIF($A$2:A11,A11)>1,"DUP","OK") -> OK | O11: =IF(F11="REFUND",INDEX($D$2:$D$5743,MATCH(B11,$A$2:$A$5743,0)),D11) -> ORD26000410 | P11: =IF(L11>DATE(2026,9,30),"Oct-Due","Sep") -> Sep
A12: pay_420000449 | C12: ORD26000470 | D12: =UPPER(SUBSTITUTE(TRIM(C12),"-","")) -> ORD26000470 | E12: 46266 | F12: CAPTURE | G12: Wallet | H12: 4297 | I12: 73.05 | J12: 13.15 | K12: 4210.8 | L12: 46268 | M12: STL-20260903 | N12: =IF(COUNTIF($A$2:A12,A12)>1,"DUP","OK") -> OK | O12: =IF(F12="REFUND",INDEX($D$2:$D$5743,MATCH(B12,$A$2:$A$5743,0)),D12) -> ORD26000470 | P12: =IF(L12>DATE(2026,9,30),"Oct-Due","Sep") -> Sep
A13: pay_420000460 | C13: ORD26000483 | D13: =UPPER(SUBSTITUTE(TRIM(C13),"-","")) -> ORD26000483 | E13: 46266 | F13: CAPTURE | G13: Card | H13: 898 | I13: 16.16 | J13: 2.91 | K13: 878.93 | L13: 46268 | M13: STL-20260903 | N13: =IF(COUNTIF($A$2:A13,A13)>1,"DUP","OK") -> OK | O13: =IF(F13="REFUND",INDEX($D$2:$D$5743,MATCH(B13,$A$2:$A$5743,0)),D13) -> ORD26000483 | P13: =IF(L13>DATE(2026,9,30),"Oct-Due","Sep") -> Sep
... A329: pay_420005677 | C329: ORD26005942 | D329: =UPPER(SUBSTITUTE(TRIM(C329),"-","")) -> ORD26005942 | E329: 46267 | F329: CAPTURE | G329: Wallet | H329: 1499 | I329: 28.48 | J329: 5.13 | K329: 1465.39 | L329: 46269 | M329: STL-20260904 | N329: =IF(COUNTIF($A$2:A329,A329)>1,"DUP","OK") -> OK | O329: =IF(F329="REFUND",INDEX($D$2:$D$5743,MATCH(B329,$A$2:$A$5743,0)),D329) -> ORD26005942 | P329: =IF(L329>DATE(2026,9,30),"Oct-Due","Sep") -> Sep
A330: rfnd_BDDX8L3AAXM0 | B330: pay_420002554 | D330: =UPPER(SUBSTITUTE(TRIM(C330),"-","")) | E330: 46267 | F330: REFUND | G330: Wallet | H330: 1799 | I330: 0 | J330: 0 | K330: -1799 | L330: 46269 | M330: STL-20260904 | N330: =IF(COUNTIF($A$2:A330,A330)>1,"DUP","OK") -> OK | O330: =IF(F330="REFUND",INDEX($D$2:$D$5743,MATCH(B330,$A$2:$A$5743,0)),D330) -> ORD26002680 | P330: =IF(L330>DATE(2026,9,30),"Oct-Due","Sep") -> Sep
A331: rfnd_W6UU5WJWSTPB | B331: pay_420004896 | D331: =UPPER(SUBSTITUTE(TRIM(C331),"-","")) | E331: 46267 | F331: REFUND | G331: NetBanking | H331: 599 | I331: 0 | J331: 0 | K331: -599 | L331: 46269 | M331: STL-20260904 | N331: =IF(COUNTIF($A$2:A331,A331)>1,"DUP","OK") -> OK | O331: =IF(F331="REFUND",INDEX($D$2:$D$5743,MATCH(B331,$A$2:$A$5743,0)),D331) -> ORD26005124 | P331: =IF(L331>DATE(2026,9,30),"Oct-Due","Sep") -> Sep
A332: pay_420000041 | C332: ORD26000042 | D332: =UPPER(SUBSTITUTE(TRIM(C332),"-","")) -> ORD26000042 | E332: 46268 | F332: CAPTURE | G332: Card | H332: 349 | I332: 6.28 | J332: 1.13 | K332: 341.59 | L332: 46270 | M332: STL-20260905 | N332: =IF(COUNTIF($A$2:A332,A332)>1,"DUP","OK") -> OK | O332: =IF(F332="REFUND",INDEX($D$2:$D$5743,MATCH(B332,$A$2:$A$5743,0)),D332) -> ORD26000042 | P332: =IF(L332>DATE(2026,9,30),"Oct-Due","Sep") -> Sep
A333: pay_420000078 | C333: ORD26000082 | D333: =UPPER(SUBSTITUTE(TRIM(C333),"-","")) -> ORD26000082 | E333: 46268 | F333: CAPTURE | G333: Wallet | H333: 2197 | I333: 37.35 | J333: 6.72 | K333: 2152.93 | L333: 46270 | M333: STL-20260905 | N333: =IF(COUNTIF($A$2:A333,A333)>1,"DUP","OK") -> OK | O333: =IF(F333="REFUND",INDEX($D$2:$D$5743,MATCH(B333,$A$2:$A$5743,0)),D333) -> ORD26000082 | P333: =IF(L333>DATE(2026,9,30),"Oct-Due","Sep") -> Sep
A334: pay_420000101 | C334: ORD26000109 | D334: =UPPER(SUBSTITUTE(TRIM(C334),"-","")) -> ORD26000109 | E334: 46268 | F334: CAPTURE | G334: UPI | H334: 599 | I334: 0 | J334: 0 | K334: 599 | L334: 46270 | M334: STL-20260905 | N334: =IF(COUNTIF($A$2:A334,A334)>1,"DUP","OK") -> OK | O334: =IF(F334="REFUND",INDEX($D$2:$D$5743,MATCH(B334,$A$2:$A$5743,0)),D334) -> ORD26000109 | P334: =IF(L334>DATE(2026,9,30),"Oct-Due","Sep") -> Sep
A335: pay_420000111 | C335: ORD26000119 | D335: =UPPER(SUBSTITUTE(TRIM(C335),"-","")) -> ORD26000119 | E335: 46268 | F335: CAPTURE | G335: UPI | H335: 349 | I335: 0 | J335: 0 | K335: 349 | L335: 46270 | M335: STL-20260905 | N335: =IF(COUNTIF($A$2:A335,A335)>1,"DUP","OK") -> OK | O335: =IF(F335="REFUND",INDEX($D$2:$D$5743,MATCH(B335,$A$2:$A$5743,0)),D335) -> ORD26000119 | P335: =IF(L335>DATE(2026,9,30),"Oct-Due","Sep") -> Sep
A336: pay_420000115 | C336: ORD26000124 | D336: =UPPER(SUBSTITUTE(TRIM(C336),"-","")) -> ORD26000124 | E336: 46268 | F336: CAPTURE | G336: Card | H336: 6397 | I336: 102.35 | J336: 18.42 | K336: 6276.23 | L336: 46270 | M336: STL-20260905 | N336: =IF(COUNTIF($A$2:A336,A336)>1,"DUP","OK") -> OK | O336: =IF(F336="REFUND",INDEX($D$2:$D$5743,MATCH(B336,$A$2:$A$5743,0)),D336) -> ORD26000124 | P336: =IF(L336>DATE(2026,9,30),"Oct-Due","Sep") -> Sep
A337: pay_420000228 | C337: ORD26000243 | D337: =UPPER(SUBSTITUTE(TRIM(C337),"-","")) -> ORD26000243 | E337: 46268 | F337: CAPTURE | G337: Wallet | H337: 2798 | I337: 47.57 | J337: 8.56 | K337: 2741.87 | L337: 46270 | M337: STL-20260905 | N337: =IF(COUNTIF($A$2:A337,A337)>1,"DUP","OK") -> OK | O337: =IF(F337="REFUND",INDEX($D$2:$D$5743,MATCH(B337,$A$2:$A$5743,0)),D337) -> ORD26000243 | P337: =IF(L337>DATE(2026,9,30),"Oct-Due","Sep") -> Sep
A338: pay_420000250 | C338: ORD26000267 | D338: =UPPER(SUBSTITUTE(TRIM(C338),"-","")) -> ORD26000267 | E338: 46268 | F338: CAPTURE | G338: UPI | H338: 4999 | I338: 15 | J338: 2.7 | K338: 4981.3 | L338: 46270 | M338: STL-20260905 | N338: =IF(COUNTIF($A$2:A338,A338)>1,"DUP","OK") -> OK | O338: =IF(F338="REFUND",INDEX($D$2:$D$5743,MATCH(B338,$A$2:$A$5743,0)),D338) -> ORD26000267 | P338: =IF(L338>DATE(2026,9,30),"Oct-Due","Sep") -> Sep
A339: pay_420000268 | C339: ORD26000285 | D339: =UPPER(SUBSTITUTE(TRIM(C339),"-","")) -> ORD26000285 | E339: 46268 | F339: CAPTURE | G339: Card | H339: 349 | I339: 6.28 | J339: 1.13 | K339: 341.59 | L339: 46270 | M339: STL-20260905 | N339: =IF(COUNTIF($A$2:A339,A339)>1,"DUP","OK") -> OK | O339: =IF(F339="REFUND",INDEX($D$2:$D$5743,MATCH(B339,$A$2:$A$5743,0)),D339) -> ORD26000285 | P339: =IF(L339>DATE(2026,9,30),"Oct-Due","Sep") -> Sep
A340: pay_420000281 | C340: ord26000298 | D340: =UPPER(SUBSTITUTE(TRIM(C340),"-","")) -> ORD26000298 | E340: 46268 | F340: CAPTURE | G340: UPI | H340: 2398 | I340: 7.19 | J340: 1.29 | K340: 2389.52 | L340: 46270 | M340: STL-20260905 | N340: =IF(COUNTIF($A$2:A340,A340)>1,"DUP","OK") -> OK | O340: =IF(F340="REFUND",INDEX($D$2:$D$5743,MATCH(B340,$A$2:$A$5743,0)),D340) -> ORD26000298 | P340: =IF(L340>DATE(2026,9,30),"Oct-Due","Sep") -> Sep
A341: pay_420000315 | C341: ORD26000330 | D341: =UPPER(SUBSTITUTE(TRIM(C341),"-","")) -> ORD26000330 | E341: 46268 | F341: CAPTURE | G341: UPI | H341: 3348 | I341: 10.04 | J341: 1.81 | K341: 3336.15 | L341: 46270 | M341: STL-20260905 | N341: =IF(COUNTIF($A$2:A341,A341)>1,"DUP","OK") -> OK | O341: =IF(F341="REFUND",INDEX($D$2:$D$5743,MATCH(B341,$A$2:$A$5743,0)),D341) -> ORD26000330 | P341: =IF(L341>DATE(2026,9,30),"Oct-Due","Sep") -> Sep
A342: pay_420000430 | C342: ORD26000447 | D342: =UPPER(SUBSTITUTE(TRIM(C342),"-","")) -> ORD26000447 | E342: 46268 | F342: CAPTURE | G342: UPI | H342: 2999 | I342: 9 | J342: 1.62 | K342: 2988.38 | L342: 46270 | M342: STL-20260905 | N342: =IF(COUNTIF($A$2:A342,A342)>1,"DUP","OK") -> OK | O342: =IF(F342="REFUND",INDEX($D$2:$D$5743,MATCH(B342,$A$2:$A$5743,0)),D342) -> ORD26000447 | P342: =IF(L342>DATE(2026,9,30),"Oct-Due","Sep") -> Sep
A343: pay_420000437 | C343: ord26000455 | D343: =UPPER(SUBSTITUTE(TRIM(C343),"-","")) -> ORD26000455 | E343: 46268 | F343: CAPTURE | G343: UPI | H343: 2798 | I343: 8.39 | J343: 1.51 | K343: 2788.1 | L343: 46270 | M343: STL-20260905 | N343: =IF(COUNTIF($A$2:A343,A343)>1,"DUP","OK") -> OK | O343: =IF(F343="REFUND",INDEX($D$2:$D$5743,MATCH(B343,$A$2:$A$5743,0)),D343) -> ORD26000455 | P343: =IF(L343>DATE(2026,9,30),"Oct-Due","Sep") -> Sep
... A519: pay_420005699 | C519: ORD26005966 | D519: =UPPER(SUBSTITUTE(TRIM(C519),"-","")) -> ORD26005966 | E519: 46268 | F519: CAPTURE | G519: UPI | H519: 2798 | I519: 8.39 | J519: 1.51 | K519: 2788.1 | L519: 46270 | M519: STL-20260905 | N519: =IF(COUNTIF($A$2:A519,A519)>1,"DUP","OK") -> OK | O519: =IF(F519="REFUND",INDEX($D$2:$D$5743,MATCH(B519,$A$2:$A$5743,0)),D519) -> ORD26005966 | P519: =IF(L519>DATE(2026,9,30),"Oct-Due","Sep") -> Sep
A520: rfnd_1C41Q7T6GFAL | B520: pay_420001351 | D520: =UPPER(SUBSTITUTE(TRIM(C520),"-","")) | E520: 46268 | F520: REFUND | G520: Card | H520: 9297 | I520: 0 | J520: 0 | K520: -9297 | L520: 46270 | M520: STL-20260905 | N520: =IF(COUNTIF($A$2:A520,A520)>1,"DUP","OK") -> OK | O520: =IF(F520="REFUND",INDEX($D$2:$D$5743,MATCH(B520,$A$2:$A$5743,0)),D520) -> ORD26001416 | P520: =IF(L520>DATE(2026,9,30),"Oct-Due","Sep") -> Sep
A521: rfnd_KJKJAE6PT0EL | B521: pay_420003553 | D521: =UPPER(SUBSTITUTE(TRIM(C521),"-","")) | E521: 46268 | F521: REFUND | G521: UPI | H521: 2499 | I521: 0 | J521: 0 | K521: -2499 | L521: 46270 | M521: STL-20260905 | N521: =IF(COUNTIF($A$2:A521,A521)>1,"DUP","OK") -> OK | O521: =IF(F521="REFUND",INDEX($D$2:$D$5743,MATCH(B521,$A$2:$A$5743,0)),D521) -> ORD26003723 | P521: =IF(L521>DATE(2026,9,30),"Oct-Due","Sep") -> Sep
A522: pay_420000042 | C522: ORD26000043 | D522: =UPPER(SUBSTITUTE(TRIM(C522),"-","")) -> ORD26000043 | E522: 46269 | F522: CAPTURE | G522: Card | H522: 3098 | I522: 49.57 | J522: 8.92 | K522: 3039.51 | L522: 46271 | M522: STL-20260906 | N522: =IF(COUNTIF($A$2:A522,A522)>1,"DUP","OK") -> OK | O522: =IF(F522="REFUND",INDEX($D$2:$D$5743,MATCH(B522,$A$2:$A$5743,0)),D522) -> ORD26000043 | P522: =IF(L522>DATE(2026,9,30),"Oct-Due","Sep") -> Sep
A523: pay_420000048 | C523: ORD26000050 | D523: =UPPER(SUBSTITUTE(TRIM(C523),"-","")) -> ORD26000050 | E523: 46269 | F523: CAPTURE | G523: UPI | H523: 3499 | I523: 10.5 | J523: 1.89 | K523: 3486.61 | L523: 46271 | M523: STL-20260906 | N523: =IF(COUNTIF($A$2:A523,A523)>1,"DUP","OK") -> OK | O523: =IF(F523="REFUND",INDEX($D$2:$D$5743,MATCH(B523,$A$2:$A$5743,0)),D523) -> ORD26000050 | P523: =IF(L523>DATE(2026,9,30),"Oct-Due","Sep") -> Sep
A524: pay_420000091 | C524: ORD-26000097 | D524: =UPPER(SUBSTITUTE(TRIM(C524),"-","")) -> ORD26000097 | E524: 46269 | F524: CAPTURE | G524: Wallet | H524: 1098 | I524: 20.86 | J524: 3.75 | K524: 1073.39 | L524: 46271 | M524: STL-20260906 | N524: =IF(COUNTIF($A$2:A524,A524)>1,"DUP","OK") -> OK | O524: =IF(F524="REFUND",INDEX($D$2:$D$5743,MATCH(B524,$A$2:$A$5743,0)),D524) -> ORD26000097 | P524: =IF(L524>DATE(2026,9,30),"Oct-Due","Sep") -> Sep
A525: pay_420000104 | C525: ORD26000112 | D525: =UPPER(SUBSTITUTE(TRIM(C525),"-","")) -> ORD26000112 | E525: 46269 | F525: CAPTURE | G525: UPI | H525: 10297 | I525: 30.89 | J525: 5.56 | K525: 10260.55 | L525: 46271 | M525: STL-20260906 | N525: =IF(COUNTIF($A$2:A525,A525)>1,"DUP","OK") -> OK | O525: =IF(F525="REFUND",INDEX($D$2:$D$5743,MATCH(B525,$A$2:$A$5743,0)),D525) -> ORD26000112 | P525: =IF(L525>DATE(2026,9,30),"Oct-Due","Sep") -> Sep
A526: pay_420000108 | C526: ORD26000116 | D526: =UPPER(SUBSTITUTE(TRIM(C526),"-","")) -> ORD26000116 | E526: 46269 | F526: CAPTURE | G526: UPI | H526: 2499 | I526: 7.5 | J526: 1.35 | K526: 2490.15 | L526: 46271 | M526: STL-20260906 | N526: =IF(COUNTIF($A$2:A526,A526)>1,"DUP","OK") -> OK | O526: =IF(F526="REFUND",INDEX($D$2:$D$5743,MATCH(B526,$A$2:$A$5743,0)),D526) -> ORD26000116 | P526: =IF(L526>DATE(2026,9,30),"Oct-Due","Sep") -> Sep
A527: pay_420000110 | C527: ORD26000118 | D527: =UPPER(SUBSTITUTE(TRIM(C527),"-","")) -> ORD26000118 | E527: 46269 | F527: CAPTURE | G527: UPI | H527: 5998 | I527: 17.99 | J527: 3.24 | K527: 5976.77 | L527: 46271 | M527: STL-20260906 | N527: =IF(COUNTIF($A$2:A527,A527)>1,"DUP","OK") -> OK | O527: =IF(F527="REFUND",INDEX($D$2:$D$5743,MATCH(B527,$A$2:$A$5743,0)),D527) -> ORD26000118 | P527: =IF(L527>DATE(2026,9,30),"Oct-Due","Sep") -> Sep
A528: pay_420000150 | C528: ORD26000160 | D528: =UPPER(SUBSTITUTE(TRIM(C528),"-","")) -> ORD26000160 | E528: 46269 | F528: CAPTURE | G528: Card | H528: 1299 | I528: 23.38 | J528: 4.21 | K528: 1271.41 | L528: 46271 | M528: STL-20260906 | N528: =IF(COUNTIF($A$2:A528,A528)>1,"DUP","OK") -> OK | O528: =IF(F528="REFUND",INDEX($D$2:$D$5743,MATCH(B528,$A$2:$A$5743,0)),D528) -> ORD26000160 | P528: =IF(L528>DATE(2026,9,30),"Oct-Due","Sep") -> Sep
A529: pay_420000189 | C529: ORD26000202 | D529: =UPPER(SUBSTITUTE(TRIM(C529),"-","")) -> ORD26000202 | E529: 46269 | F529: CAPTURE | G529: UPI | H529: 3499 | I529: 10.5 | J529: 1.89 | K529: 3486.61 | L529: 46271 | M529: STL-20260906 | N529: =IF(COUNTIF($A$2:A529,A529)>1,"DUP","OK") -> OK | O529: =IF(F529="REFUND",INDEX($D$2:$D$5743,MATCH(B529,$A$2:$A$5743,0)),D529) -> ORD26000202 | P529: =IF(L529>DATE(2026,9,30),"Oct-Due","Sep") -> Sep
A530: pay_420000207 | C530: ORD26000221 | D530: =UPPER(SUBSTITUTE(TRIM(C530),"-","")) -> ORD26000221 | E530: 46269 | F530: CAPTURE | G530: UPI | H530: 1499 | I530: 0 | J530: 0 | K530: 1499 | L530: 46271 | M530: STL-20260906 | N530: =IF(COUNTIF($A$2:A530,A530)>1,"DUP","OK") -> OK | O530: =IF(F530="REFUND",INDEX($D$2:$D$5743,MATCH(B530,$A$2:$A$5743,0)),D530) -> ORD26000221 | P530: =IF(L530>DATE(2026,9,30),"Oct-Due","Sep") -> Sep
A531: pay_420000253 | C531: ORD26000270 | D531: =UPPER(SUBSTITUTE(TRIM(C531),"-","")) -> ORD26000270 | E531: 46269 | F531: CAPTURE | G531: UPI | H531: 3100 | I531: 9.3 | J531: 1.67 | K531: 3089.03 | L531: 46271 | M531: STL-20260906 | N531: =IF(COUNTIF($A$2:A531,A531)>1,"DUP","OK") -> OK | O531: =IF(F531="REFUND",INDEX($D$2:$D$5743,MATCH(B531,$A$2:$A$5743,0)),D531) -> ORD26000270 | P531: =IF(L531>DATE(2026,9,30),"Oct-Due","Sep") -> Sep
A532: pay_420000284 | C532: ORD26000300 | D532: =UPPER(SUBSTITUTE(TRIM(C532),"-","")) -> ORD26000300 | E532: 46269 | F532: CAPTURE | G532: Card | H532: 5998 | I532: 95.97 | J532: 17.27 | K532: 5884.76 | L532: 46271 | M532: STL-20260906 | N532: =IF(COUNTIF($A$2:A532,A532)>1,"DUP","OK") -> OK | O532: =IF(F532="REFUND",INDEX($D$2:$D$5743,MATCH(B532,$A$2:$A$5743,0)),D532) -> ORD26000300 | P532: =IF(L532>DATE(2026,9,30),"Oct-Due","Sep") -> Sep
A533: pay_420000304 | C533: ORD26000320 | D533: =UPPER(SUBSTITUTE(TRIM(C533),"-","")) -> ORD26000320 | E533: 46269 | F533: CAPTURE | G533: Card | H533: 4498 | I533: 71.97 | J533: 12.95 | K533: 4413.08 | L533: 46271 | M533: STL-20260906 | N533: =IF(COUNTIF($A$2:A533,A533)>1,"DUP","OK") -> OK | O533: =IF(F533="REFUND",INDEX($D$2:$D$5743,MATCH(B533,$A$2:$A$5743,0)),D533) -> ORD26000320 | P533: =IF(L533>DATE(2026,9,30),"Oct-Due","Sep") -> Sep
... A717: pay_420005731 | C717: ORD26005998 | D717: =UPPER(SUBSTITUTE(TRIM(C717),"-","")) -> ORD26005998 | E717: 46269 | F717: CAPTURE | G717: UPI | H717: 349 | I717: 0 | J717: 0 | K717: 349 | L717: 46271 | M717: STL-20260906 | N717: =IF(COUNTIF($A$2:A717,A717)>1,"DUP","OK") -> OK | O717: =IF(F717="REFUND",INDEX($D$2:$D$5743,MATCH(B717,$A$2:$A$5743,0)),D717) -> ORD26005998 | P717: =IF(L717>DATE(2026,9,30),"Oct-Due","Sep") -> Sep
A718: rfnd_1R7WDBXGYHDQ | B718: pay_420002852 | D718: =UPPER(SUBSTITUTE(TRIM(C718),"-","")) | E718: 46269 | F718: REFUND | G718: UPI | H718: 5998 | I718: 0 | J718: 0 | K718: -5998 | L718: 46271 | M718: STL-20260906 | N718: =IF(COUNTIF($A$2:A718,A718)>1,"DUP","OK") -> OK | O718: =IF(F718="REFUND",INDEX($D$2:$D$5743,MATCH(B718,$A$2:$A$5743,0)),D718) -> ORD26002995 | P718: =IF(L718>DATE(2026,9,30),"Oct-Due","Sep") -> Sep
A719: rfnd_GKK57QSMZQR7 | B719: pay_420003990 | D719: =UPPER(SUBSTITUTE(TRIM(C719),"-","")) | E719: 46269 | F719: REFUND | G719: Card | H719: 7999 | I719: 0 | J719: 0 | K719: -7999 | L719: 46271 | M719: STL-20260906 | N719: =IF(COUNTIF($A$2:A719,A719)>1,"DUP","OK") -> OK | O719: =IF(F719="REFUND",INDEX($D$2:$D$5743,MATCH(B719,$A$2:$A$5743,0)),D719) -> ORD26004177 | P719: =IF(L719>DATE(2026,9,30),"Oct-Due","Sep") -> Sep
A720: pay_420000116 | C720: ORD26000125 | D720: =UPPER(SUBSTITUTE(TRIM(C720),"-","")) -> ORD26000125 | E720: 46270 | F720: CAPTURE | G720: UPI | H720: 3598 | I720: 10.79 | J720: 1.94 | K720: 3585.27 | L720: 46272 | M720: STL-20260907 | N720: =IF(COUNTIF($A$2:A720,A720)>1,"DUP","OK") -> OK | O720: =IF(F720="REFUND",INDEX($D$2:$D$5743,MATCH(B720,$A$2:$A$5743,0)),D720) -> ORD26000125 | P720: =IF(L720>DATE(2026,9,30),"Oct-Due","Sep") -> Sep
A721: pay_420000220 | C721: ORD26000235 | D721: =UPPER(SUBSTITUTE(TRIM(C721),"-","")) -> ORD26000235 | E721: 46270 | F721: CAPTURE | G721: NetBanking | H721: 1798 | I721: 26.97 | J721: 4.85 | K721: 1766.18 | L721: 46272 | M721: STL-20260907 | N721: =IF(COUNTIF($A$2:A721,A721)>1,"DUP","OK") -> OK | O721: =IF(F721="REFUND",INDEX($D$2:$D$5743,MATCH(B721,$A$2:$A$5743,0)),D721) -> ORD26000235 | P721: =IF(L721>DATE(2026,9,30),"Oct-Due","Sep") -> Sep
A722: pay_420000266 | C722: ORD26000283 | D722: =UPPER(SUBSTITUTE(TRIM(C722),"-","")) -> ORD26000283 | E722: 46270 | F722: CAPTURE | G722: Card | H722: 5097 | I722: 81.55 | J722: 14.68 | K722: 5000.77 | L722: 46272 | M722: STL-20260907 | N722: =IF(COUNTIF($A$2:A722,A722)>1,"DUP","OK") -> OK | O722: =IF(F722="REFUND",INDEX($D$2:$D$5743,MATCH(B722,$A$2:$A$5743,0)),D722) -> ORD26000283 | P722: =IF(L722>DATE(2026,9,30),"Oct-Due","Sep") -> Sep
A723: pay_420000267 | C723: ORD26000284 | D723: =UPPER(SUBSTITUTE(TRIM(C723),"-","")) -> ORD26000284 | E723: 46270 | F723: CAPTURE | G723: Wallet | H723: 2999 | I723: 50.98 | J723: 9.18 | K723: 2938.84 | L723: 46272 | M723: STL-20260907 | N723: =IF(COUNTIF($A$2:A723,A723)>1,"DUP","OK") -> OK | O723: =IF(F723="REFUND",INDEX($D$2:$D$5743,MATCH(B723,$A$2:$A$5743,0)),D723) -> ORD26000284 | P723: =IF(L723>DATE(2026,9,30),"Oct-Due","Sep") -> Sep
A724: pay_420000320 | C724: ORD26000335 | D724: =UPPER(SUBSTITUTE(TRIM(C724),"-","")) -> ORD26000335 | E724: 46270 | F724: CAPTURE | G724: Card | H724: 5998 | I724: 95.97 | J724: 17.27 | K724: 5884.76 | L724: 46272 | M724: STL-20260907 | N724: =IF(COUNTIF($A$2:A724,A724)>1,"DUP","OK") -> OK | O724: =IF(F724="REFUND",INDEX($D$2:$D$5743,MATCH(B724,$A$2:$A$5743,0)),D724) -> ORD26000335 | P724: =IF(L724>DATE(2026,9,30),"Oct-Due","Sep") -> Sep
A725: pay_420000329 | C725: ORD26000345 | D725: =UPPER(SUBSTITUTE(TRIM(C725),"-","")) -> ORD26000345 | E725: 46270 | F725: CAPTURE | G725: UPI | H725: 9347 | I725: 28.04 | J725: 5.05 | K725: 9313.91 | L725: 46272 | M725: STL-20260907 | N725: =IF(COUNTIF($A$2:A725,A725)>1,"DUP","OK") -> OK | O725: =IF(F725="REFUND",INDEX($D$2:$D$5743,MATCH(B725,$A$2:$A$5743,0)),D725) -> ORD26000345 | P725: =IF(L725>DATE(2026,9,30),"Oct-Due","Sep") -> Sep
A726: pay_420000387 | C726: ORD26000405 | D726: =UPPER(SUBSTITUTE(TRIM(C726),"-","")) -> ORD26000405 | E726: 46270 | F726: CAPTURE | G726: Card | H726: 2197 | I726: 35.15 | J726: 6.33 | K726: 2155.52 | L726: 46272 | M726: STL-20260907 | N726: =IF(COUNTIF($A$2:A726,A726)>1,"DUP","OK") -> OK | O726: =IF(F726="REFUND",INDEX($D$2:$D$5743,MATCH(B726,$A$2:$A$5743,0)),D726) -> ORD26000405 | P726: =IF(L726>DATE(2026,9,30),"Oct-Due","Sep") -> Sep
A727: pay_420000389 | C727: ORD26000408 | D727: =UPPER(SUBSTITUTE(TRIM(C727),"-","")) -> ORD26000408 | E727: 46270 | F727: CAPTURE | G727: UPI | H727: 2999 | I727: 9 | J727: 1.62 | K727: 2988.38 | L727: 46272 | M727: STL-20260907 | N727: =IF(COUNTIF($A$2:A727,A727)>1,"DUP","OK") -> OK | O727: =IF(F727="REFUND",INDEX($D$2:$D$5743,MATCH(B727,$A$2:$A$5743,0)),D727) -> ORD26000408 | P727: =IF(L727>DATE(2026,9,30),"Oct-Due","Sep") -> Sep
A728: pay_420000486 | C728: ORD26000510 | D728: =UPPER(SUBSTITUTE(TRIM(C728),"-","")) -> ORD26000510 | E728: 46270 | F728: CAPTURE | G728: Wallet | H728: 8598 | I728: 146.17 | J728: 26.31 | K728: 8425.52 | L728: 46272 | M728: STL-20260907 | N728: =IF(COUNTIF($A$2:A728,A728)>1,"DUP","OK") -> OK | O728: =IF(F728="REFUND",INDEX($D$2:$D$5743,MATCH(B728,$A$2:$A$5743,0)),D728) -> ORD26000510 | P728: =IF(L728>DATE(2026,9,30),"Oct-Due","Sep") -> Sep
A729: pay_420000504 | C729: ORD26000526 | D729: =UPPER(SUBSTITUTE(TRIM(C729),"-","")) -> ORD26000526 | E729: 46270 | F729: CAPTURE | G729: UPI | H729: 999 | I729: 0 | J729: 0 | K729: 999 | L729: 46272 | M729: STL-20260907 | N729: =IF(COUNTIF($A$2:A729,A729)>1,"DUP","OK") -> OK | O729: =IF(F729="REFUND",INDEX($D$2:$D$5743,MATCH(B729,$A$2:$A$5743,0)),D729) -> ORD26000526 | P729: =IF(L729>DATE(2026,9,30),"Oct-Due","Sep") -> Sep
A730: pay_420000520 | C730: ORD26000545 | D730: =UPPER(SUBSTITUTE(TRIM(C730),"-","")) -> ORD26000545 | E730: 46270 | F730: CAPTURE | G730: Card | H730: 998 | I730: 17.96 | J730: 3.23 | K730: 976.81 | L730: 46272 | M730: STL-20260907 | N730: =IF(COUNTIF($A$2:A730,A730)>1,"DUP","OK") -> OK | O730: =IF(F730="REFUND",INDEX($D$2:$D$5743,MATCH(B730,$A$2:$A$5743,0)),D730) -> ORD26000545 | P730: =IF(L730>DATE(2026,9,30),"Oct-Due","Sep") -> Sep
A731: pay_420000578 | C731: ORD26000599 | D731: =UPPER(SUBSTITUTE(TRIM(C731),"-","")) -> ORD26000599 | E731: 46270 | F731: CAPTURE | G731: UPI | H731: 7999 | I731: 24 | J731: 4.32 | K731: 7970.68 | L731: 46272 | M731: STL-20260907 | N731: =IF(COUNTIF($A$2:A731,A731)>1,"DUP","OK") -> OK | O731: =IF(F731="REFUND",INDEX($D$2:$D$5743,MATCH(B731,$A$2:$A$5743,0)),D731) -> ORD26000599 | P731: =IF(L731>DATE(2026,9,30),"Oct-Due","Sep") -> Sep
... A900: pay_420005709 | C900: ORD26005977 | D900: =UPPER(SUBSTITUTE(TRIM(C900),"-","")) -> ORD26005977 | E900: 46270 | F900: CAPTURE | G900: UPI | H900: 2999 | I900: 9 | J900: 1.62 | K900: 2988.38 | L900: 46272 | M900: STL-20260907 | N900: =IF(COUNTIF($A$2:A900,A900)>1,"DUP","OK") -> OK | O900: =IF(F900="REFUND",INDEX($D$2:$D$5743,MATCH(B900,$A$2:$A$5743,0)),D900) -> ORD26005977 | P900: =IF(L900>DATE(2026,9,30),"Oct-Due","Sep") -> Sep
A901: rfnd_GKEQ4YTEEKX2 | B901: pay_420000735 | D901: =UPPER(SUBSTITUTE(TRIM(C901),"-","")) | E901: 46270 | F901: REFUND | G901: UPI | H901: 798 | I901: 0 | J901: 0 | K901: -798 | L901: 46272 | M901: STL-20260907 | N901: =IF(COUNTIF($A$2:A901,A901)>1,"DUP","OK") -> OK | O901: =IF(F901="REFUND",INDEX($D$2:$D$5743,MATCH(B901,$A$2:$A$5743,0)),D901) -> ORD26000770 | P901: =IF(L901>DATE(2026,9,30),"Oct-Due","Sep") -> Sep
A902: rfnd_LNGG7VFY20ET | B902: pay_420004700 | D902: =UPPER(SUBSTITUTE(TRIM(C902),"-","")) | E902: 46270 | F902: REFUND | G902: UPI | H902: 1299 | I902: 0 | J902: 0 | K902: -1299 | L902: 46272 | M902: STL-20260907 | N902: =IF(COUNTIF($A$2:A902,A902)>1,"DUP","OK") -> OK | O902: =IF(F902="REFUND",INDEX($D$2:$D$5743,MATCH(B902,$A$2:$A$5743,0)),D902) -> ORD26004922 | P902: =IF(L902>DATE(2026,9,30),"Oct-Due","Sep") -> Sep
A903: pay_420000021 | C903: ord26000020 | D903: =UPPER(SUBSTITUTE(TRIM(C903),"-","")) -> ORD26000020 | E903: 46271 | F903: CAPTURE | G903: UPI | H903: 3798 | I903: 11.39 | J903: 2.05 | K903: 3784.56 | L903: 46273 | M903: STL-20260908 | N903: =IF(COUNTIF($A$2:A903,A903)>1,"DUP","OK") -> OK | O903: =IF(F903="REFUND",INDEX($D$2:$D$5743,MATCH(B903,$A$2:$A$5743,0)),D903) -> ORD26000020 | P903: =IF(L903>DATE(2026,9,30),"Oct-Due","Sep") -> Sep
A904: pay_420000038 | C904: ORD26000038 | D904: =UPPER(SUBSTITUTE(TRIM(C904),"-","")) -> ORD26000038 | E904: 46271 | F904: CAPTURE | G904: Card | H904: 1598 | I904: 28.76 | J904: 5.18 | K904: 1564.06 | L904: 46273 | M904: STL-20260908 | N904: =IF(COUNTIF($A$2:A904,A904)>1,"DUP","OK") -> OK | O904: =IF(F904="REFUND",INDEX($D$2:$D$5743,MATCH(B904,$A$2:$A$5743,0)),D904) -> ORD26000038 | P904: =IF(L904>DATE(2026,9,30),"Oct-Due","Sep") -> Sep
A905: pay_420000079 | C905: ORD26000083 | D905: =UPPER(SUBSTITUTE(TRIM(C905),"-","")) -> ORD26000083 | E905: 46271 | F905: CAPTURE | G905: Card | H905: 1299 | I905: 23.38 | J905: 4.21 | K905: 1271.41 | L905: 46273 | M905: STL-20260908 | N905: =IF(COUNTIF($A$2:A905,A905)>1,"DUP","OK") -> OK | O905: =IF(F905="REFUND",INDEX($D$2:$D$5743,MATCH(B905,$A$2:$A$5743,0)),D905) -> ORD26000083 | P905: =IF(L905>DATE(2026,9,30),"Oct-Due","Sep") -> Sep
A906: pay_420000090 | C906: ORD26000096 | D906: =UPPER(SUBSTITUTE(TRIM(C906),"-","")) -> ORD26000096 | E906: 46271 | F906: CAPTURE | G906: Card | H906: 5998 | I906: 95.97 | J906: 17.27 | K906: 5884.76 | L906: 46273 | M906: STL-20260908 | N906: =IF(COUNTIF($A$2:A906,A906)>1,"DUP","OK") -> OK | O906: =IF(F906="REFUND",INDEX($D$2:$D$5743,MATCH(B906,$A$2:$A$5743,0)),D906) -> ORD26000096 | P906: =IF(L906>DATE(2026,9,30),"Oct-Due","Sep") -> Sep
A907: pay_420000146 | C907: ORD26000156 | D907: =UPPER(SUBSTITUTE(TRIM(C907),"-","")) -> ORD26000156 | E907: 46271 | F907: CAPTURE | G907: Card | H907: 2499 | I907: 39.98 | J907: 7.2 | K907: 2451.82 | L907: 46273 | M907: STL-20260908 | N907: =IF(COUNTIF($A$2:A907,A907)>1,"DUP","OK") -> OK | O907: =IF(F907="REFUND",INDEX($D$2:$D$5743,MATCH(B907,$A$2:$A$5743,0)),D907) -> ORD26000156 | P907: =IF(L907>DATE(2026,9,30),"Oct-Due","Sep") -> Sep
A908: pay_420000180 | C908: ORD26000194 | D908: =UPPER(SUBSTITUTE(TRIM(C908),"-","")) -> ORD26000194 | E908: 46271 | F908: CAPTURE | G908: UPI | H908: 2197 | I908: 6.59 | J908: 1.19 | K908: 2189.22 | L908: 46273 | M908: STL-20260908 | N908: =IF(COUNTIF($A$2:A908,A908)>1,"DUP","OK") -> OK | O908: =IF(F908="REFUND",INDEX($D$2:$D$5743,MATCH(B908,$A$2:$A$5743,0)),D908) -> ORD26000194 | P908: =IF(L908>DATE(2026,9,30),"Oct-Due","Sep") -> Sep
A909: pay_420000203 | C909: ORD26000218 | D909: =UPPER(SUBSTITUTE(TRIM(C909),"-","")) -> ORD26000218 | E909: 46271 | F909: CAPTURE | G909: Card | H909: 7997 | I909: 127.95 | J909: 23.03 | K909: 7846.02 | L909: 46273 | M909: STL-20260908 | N909: =IF(COUNTIF($A$2:A909,A909)>1,"DUP","OK") -> OK | O909: =IF(F909="REFUND",INDEX($D$2:$D$5743,MATCH(B909,$A$2:$A$5743,0)),D909) -> ORD26000218 | P909: =IF(L909>DATE(2026,9,30),"Oct-Due","Sep") -> Sep
A910: pay_420000216 | C910: ord26000230 | D910: =UPPER(SUBSTITUTE(TRIM(C910),"-","")) -> ORD26000230 | E910: 46271 | F910: CAPTURE | G910: UPI | H910: 3848 | I910: 11.54 | J910: 2.08 | K910: 3834.38 | L910: 46273 | M910: STL-20260908 | N910: =IF(COUNTIF($A$2:A910,A910)>1,"DUP","OK") -> OK | O910: =IF(F910="REFUND",INDEX($D$2:$D$5743,MATCH(B910,$A$2:$A$5743,0)),D910) -> ORD26000230 | P910: =IF(L910>DATE(2026,9,30),"Oct-Due","Sep") -> Sep
A911: pay_420000263 | C911: ord26000280 | D911: =UPPER(SUBSTITUTE(TRIM(C911),"-","")) -> ORD26000280 | E911: 46271 | F911: CAPTURE | G911: NetBanking | H911: 1299 | I911: 19.49 | J911: 3.51 | K911: 1276 | L911: 46273 | M911: STL-20260908 | N911: =IF(COUNTIF($A$2:A911,A911)>1,"DUP","OK") -> OK | O911: =IF(F911="REFUND",INDEX($D$2:$D$5743,MATCH(B911,$A$2:$A$5743,0)),D911) -> ORD26000280 | P911: =IF(L911>DATE(2026,9,30),"Oct-Due","Sep") -> Sep
A912: pay_420000264 | C912: ORD26000281 | D912: =UPPER(SUBSTITUTE(TRIM(C912),"-","")) -> ORD26000281 | E912: 46271 | F912: CAPTURE | G912: Wallet | H912: 499 | I912: 9.48 | J912: 1.71 | K912: 487.81 | L912: 46273 | M912: STL-20260908 | N912: =IF(COUNTIF($A$2:A912,A912)>1,"DUP","OK") -> OK | O912: =IF(F912="REFUND",INDEX($D$2:$D$5743,MATCH(B912,$A$2:$A$5743,0)),D912) -> ORD26000281 | P912: =IF(L912>DATE(2026,9,30),"Oct-Due","Sep") -> Sep
A913: pay_420000365 | C913: ORD26000384 | D913: =UPPER(SUBSTITUTE(TRIM(C913),"-","")) -> ORD26000384 | E913: 46271 | F913: CAPTURE | G913: Card | H913: 9647 | I913: 154.35 | J913: 27.78 | K913: 9464.87 | L913: 46273 | M913: STL-20260908 | N913: =IF(COUNTIF($A$2:A913,A913)>1,"DUP","OK") -> OK | O913: =IF(F913="REFUND",INDEX($D$2:$D$5743,MATCH(B913,$A$2:$A$5743,0)),D913) -> ORD26000384 | P913: =IF(L913>DATE(2026,9,30),"Oct-Due","Sep") -> Sep
A914: pay_420000382 | C914: ORD26000400 | D914: =UPPER(SUBSTITUTE(TRIM(C914),"-","")) -> ORD26000400 | E914: 46271 | F914: CAPTURE | G914: Card | H914: 999 | I914: 17.98 | J914: 3.24 | K914: 977.78 | L914: 46273 | M914: STL-20260908 | N914: =IF(COUNTIF($A$2:A914,A914)>1,"DUP","OK") -> OK | O914: =IF(F914="REFUND",INDEX($D$2:$D$5743,MATCH(B914,$A$2:$A$5743,0)),D914) -> ORD26000400 | P914: =IF(L914>DATE(2026,9,30),"Oct-Due","Sep") -> Sep
... A1091: pay_420005739 | C1091: ORD26006504 | D1091: =UPPER(SUBSTITUTE(TRIM(C1091),"-","")) -> ORD26006504 | E1091: 46271 | F1091: CAPTURE | G1091: NetBanking | H1091: 999 | I1091: 14.99 | J1091: 2.7 | K1091: 981.31 | L1091: 46273 | M1091: STL-20260908 | N1091: =IF(COUNTIF($A$2:A1091,A1091)>1,"DUP","OK") -> OK | O1091: =IF(F1091="REFUND",INDEX($D$2:$D$5743,MATCH(B1091,$A$2:$A$5743,0)),D1091) -> ORD26006504 | P1091: =IF(L1091>DATE(2026,9,30),"Oct-Due","Sep") -> Sep
A1092: rfnd_7D82HBZNK9EM | B1092: pay_420000284 | D1092: =UPPER(SUBSTITUTE(TRIM(C1092),"-","")) | E1092: 46271 | F1092: REFUND | G1092: Card | H1092: 5998 | I1092: 0 | J1092: 0 | K1092: -5998 | L1092: 46273 | M1092: STL-20260908 | N1092: =IF(COUNTIF($A$2:A1092,A1092)>1,"DUP","OK") -> OK | O1092: =IF(F1092="REFUND",INDEX($D$2:$D$5743,MATCH(B1092,$A$2:$A$5743,0)),D1092) -> ORD26000300 | P1092: =IF(L1092>DATE(2026,9,30),"Oct-Due","Sep") -> Sep
A1093: rfnd_HS8RMLB6WJAB | B1093: pay_420002345 | D1093: =UPPER(SUBSTITUTE(TRIM(C1093),"-","")) | E1093: 46271 | F1093: REFUND | G1093: UPI | H1093: 3499 | I1093: 0 | J1093: 0 | K1093: -3499 | L1093: 46273 | M1093: STL-20260908 | N1093: =IF(COUNTIF($A$2:A1093,A1093)>1,"DUP","OK") -> OK | O1093: =IF(F1093="REFUND",INDEX($D$2:$D$5743,MATCH(B1093,$A$2:$A$5743,0)),D1093) -> ORD26002458 | P1093: =IF(L1093>DATE(2026,9,30),"Oct-Due","Sep") -> Sep
A1094: rfnd_QUZMW0YB4Y1L | B1094: pay_420003659 | D1094: =UPPER(SUBSTITUTE(TRIM(C1094),"-","")) | E1094: 46271 | F1094: REFUND | G1094: Card | H1094: 999 | I1094: 0 | J1094: 0 | K1094: -999 | L1094: 46273 | M1094: STL-20260908 | N1094: =IF(COUNTIF($A$2:A1094,A1094)>1,"DUP","OK") -> OK | O1094: =IF(F1094="REFUND",INDEX($D$2:$D$5743,MATCH(B1094,$A$2:$A$5743,0)),D1094) -> ORD26003830 | P1094: =IF(L1094>DATE(2026,9,30),"Oct-Due","Sep") -> Sep
A1095: pay_420000099 | C1095: ORD26000106 | D1095: =UPPER(SUBSTITUTE(TRIM(C1095),"-","")) -> ORD26000106 | E1095: 46272 | F1095: CAPTURE | G1095: UPI | H1095: 1598 | I1095: 0 | J1095: 0 | K1095: 1598 | L1095: 46274 | M1095: STL-20260909 | N1095: =IF(COUNTIF($A$2:A1095,A1095)>1,"DUP","OK") -> OK | O1095: =IF(F1095="REFUND",INDEX($D$2:$D$5743,MATCH(B1095,$A$2:$A$5743,0)),D1095) -> ORD26000106 | P1095: =IF(L1095>DATE(2026,9,30),"Oct-Due","Sep") -> Sep
A1096: pay_420000156 | C1096: ORD26000166 | D1096: =UPPER(SUBSTITUTE(TRIM(C1096),"-","")) -> ORD26000166 | E1096: 46272 | F1096: CAPTURE | G1096: NetBanking | H1096: 499 | I1096: 7.49 | J1096: 1.35 | K1096: 490.16 | L1096: 46274 | M1096: STL-20260909 | N1096: =IF(COUNTIF($A$2:A1096,A1096)>1,"DUP","OK") -> OK | O1096: =IF(F1096="REFUND",INDEX($D$2:$D$5743,MATCH(B1096,$A$2:$A$5743,0)),D1096) -> ORD26000166 | P1096: =IF(L1096>DATE(2026,9,30),"Oct-Due","Sep") -> Sep
A1097: pay_420000241 | C1097: ORD26000257 | D1097: =UPPER(SUBSTITUTE(TRIM(C1097),"-","")) -> ORD26000257 | E1097: 46272 | F1097: CAPTURE | G1097: UPI | H1097: 4999 | I1097: 15 | J1097: 2.7 | K1097: 4981.3 | L1097: 46274 | M1097: STL-20260909 | N1097: =IF(COUNTIF($A$2:A1097,A1097)>1,"DUP","OK") -> OK | O1097: =IF(F1097="REFUND",INDEX($D$2:$D$5743,MATCH(B1097,$A$2:$A$5743,0)),D1097) -> ORD26000257 | P1097: =IF(L1097>DATE(2026,9,30),"Oct-Due","Sep") -> Sep
A1098: pay_420000255 | C1098: ORD26000272 | D1098: =UPPER(SUBSTITUTE(TRIM(C1098),"-","")) -> ORD26000272 | E1098: 46272 | F1098: CAPTURE | G1098: UPI | H1098: 499 | I1098: 0 | J1098: 0 | K1098: 499 | L1098: 46274 | M1098: STL-20260909 | N1098: =IF(COUNTIF($A$2:A1098,A1098)>1,"DUP","OK") -> OK | O1098: =IF(F1098="REFUND",INDEX($D$2:$D$5743,MATCH(B1098,$A$2:$A$5743,0)),D1098) -> ORD26000272 | P1098: =IF(L1098>DATE(2026,9,30),"Oct-Due","Sep") -> Sep
A1099: pay_420000271 | C1099: ord26000289 | D1099: =UPPER(SUBSTITUTE(TRIM(C1099),"-","")) -> ORD26000289 | E1099: 46272 | F1099: CAPTURE | G1099: NetBanking | H1099: 2499 | I1099: 29.99 | J1099: 5.4 | K1099: 2463.61 | L1099: 46274 | M1099: STL-20260909 | N1099: =IF(COUNTIF($A$2:A1099,A1099)>1,"DUP","OK") -> OK | O1099: =IF(F1099="REFUND",INDEX($D$2:$D$5743,MATCH(B1099,$A$2:$A$5743,0)),D1099) -> ORD26000289 | P1099: =IF(L1099>DATE(2026,9,30),"Oct-Due","Sep") -> Sep
A1100: pay_420000295 | C1100: ORD26000311 | D1100: =UPPER(SUBSTITUTE(TRIM(C1100),"-","")) -> ORD26000311 | E1100: 46272 | F1100: CAPTURE | G1100: UPI | H1100: 3998 | I1100: 11.99 | J1100: 2.16 | K1100: 3983.85 | L1100: 46274 | M1100: STL-20260909 | N1100: =IF(COUNTIF($A$2:A1100,A1100)>1,"DUP","OK") -> OK | O1100: =IF(F1100="REFUND",INDEX($D$2:$D$5743,MATCH(B1100,$A$2:$A$5743,0)),D1100) -> ORD26000311 | P1100: =IF(L1100>DATE(2026,9,30),"Oct-Due","Sep") -> Sep
A1101: pay_420000344 | C1101: ORD26000362 | D1101: =UPPER(SUBSTITUTE(TRIM(C1101),"-","")) -> ORD26000362 | E1101: 46272 | F1101: CAPTURE | G1101: Wallet | H1101: 3499 | I1101: 83.98 | J1101: 15.12 | K1101: 3399.9 | L1101: 46274 | M1101: STL-20260909 | N1101: =IF(COUNTIF($A$2:A1101,A1101)>1,"DUP","OK") -> OK | O1101: =IF(F1101="REFUND",INDEX($D$2:$D$5743,MATCH(B1101,$A$2:$A$5743,0)),D1101) -> ORD26000362 | P1101: =IF(L1101>DATE(2026,9,30),"Oct-Due","Sep") -> Sep
A1102: pay_420000413 | C1102: ORD26000430 | D1102: =UPPER(SUBSTITUTE(TRIM(C1102),"-","")) -> ORD26000430 | E1102: 46272 | F1102: CAPTURE | G1102: Card | H1102: 2499 | I1102: 39.98 | J1102: 7.2 | K1102: 2451.82 | L1102: 46274 | M1102: STL-20260909 | N1102: =IF(COUNTIF($A$2:A1102,A1102)>1,"DUP","OK") -> OK | O1102: =IF(F1102="REFUND",INDEX($D$2:$D$5743,MATCH(B1102,$A$2:$A$5743,0)),D1102) -> ORD26000430 | P1102: =IF(L1102>DATE(2026,9,30),"Oct-Due","Sep") -> Sep
A1103: pay_420000432 | C1103: ord26000449 | D1103: =UPPER(SUBSTITUTE(TRIM(C1103),"-","")) -> ORD26000449 | E1103: 46272 | F1103: CAPTURE | G1103: UPI | H1103: 349 | I1103: 0 | J1103: 0 | K1103: 349 | L1103: 46274 | M1103: STL-20260909 | N1103: =IF(COUNTIF($A$2:A1103,A1103)>1,"DUP","OK") -> OK | O1103: =IF(F1103="REFUND",INDEX($D$2:$D$5743,MATCH(B1103,$A$2:$A$5743,0)),D1103) -> ORD26000449 | P1103: =IF(L1103>DATE(2026,9,30),"Oct-Due","Sep") -> Sep
A1104: pay_420000440 | C1104: ORD26000460 | D1104: =UPPER(SUBSTITUTE(TRIM(C1104),"-","")) -> ORD26000460 | E1104: 46272 | F1104: CAPTURE | G1104: UPI | H1104: 4298 | I1104: 12.89 | J1104: 2.32 | K1104: 4282.79 | L1104: 46274 | M1104: STL-20260909 | N1104: =IF(COUNTIF($A$2:A1104,A1104)>1,"DUP","OK") -> OK | O1104: =IF(F1104="REFUND",INDEX($D$2:$D$5743,MATCH(B1104,$A$2:$A$5743,0)),D1104) -> ORD26000460 | P1104: =IF(L1104>DATE(2026,9,30),"Oct-Due","Sep") -> Sep
A1105: pay_420000479 | C1105: ORD26000503 | D1105: =UPPER(SUBSTITUTE(TRIM(C1105),"-","")) -> ORD26000503 | E1105: 46272 | F1105: CAPTURE | G1105: NetBanking | H1105: 7397 | I1105: 88.76 | J1105: 15.98 | K1105: 7292.26 | L1105: 46274 | M1105: STL-20260909 | N1105: =IF(COUNTIF($A$2:A1105,A1105)>1,"DUP","OK") -> OK | O1105: =IF(F1105="REFUND",INDEX($D$2:$D$5743,MATCH(B1105,$A$2:$A$5743,0)),D1105) -> ORD26000503 | P1105: =IF(L1105>DATE(2026,9,30),"Oct-Due","Sep") -> Sep
A1106: pay_420000503 | C1106: ORD26000525 | D1106: =UPPER(SUBSTITUTE(TRIM(C1106),"-","")) -> ORD26000525 | E1106: 46272 | F1106: CAPTURE | G1106: UPI | H1106: 5348 | I1106: 16.04 | J1106: 2.89 | K1106: 5329.07 | L1106: 46274 | M1106: STL-20260909 | N1106: =IF(COUNTIF($A$2:A1106,A1106)>1,"DUP","OK") -> OK | O1106: =IF(F1106="REFUND",INDEX($D$2:$D$5743,MATCH(B1106,$A$2:$A$5743,0)),D1106) -> ORD26000525 | P1106: =IF(L1106>DATE(2026,9,30),"Oct-Due","Sep") -> Sep
... A1271: pay_420005738 | C1271: ORD26006503 | D1271: =UPPER(SUBSTITUTE(TRIM(C1271),"-","")) -> ORD26006503 | E1271: 46272 | F1271: CAPTURE | G1271: NetBanking | H1271: 1299 | I1271: 19.49 | J1271: 3.51 | K1271: 1276 | L1271: 46274 | M1271: STL-20260909 | N1271: =IF(COUNTIF($A$2:A1271,A1271)>1,"DUP","OK") -> OK | O1271: =IF(F1271="REFUND",INDEX($D$2:$D$5743,MATCH(B1271,$A$2:$A$5743,0)),D1271) -> ORD26006503 | P1271: =IF(L1271>DATE(2026,9,30),"Oct-Due","Sep") -> Sep
A1272: rfnd_594LCKF7XJKL | B1272: pay_420005094 | D1272: =UPPER(SUBSTITUTE(TRIM(C1272),"-","")) | E1272: 46272 | F1272: REFUND | G1272: UPI | H1272: 2999 | I1272: 0 | J1272: 0 | K1272: -2999 | L1272: 46274 | M1272: STL-20260909 | N1272: =IF(COUNTIF($A$2:A1272,A1272)>1,"DUP","OK") -> OK | O1272: =IF(F1272="REFUND",INDEX($D$2:$D$5743,MATCH(B1272,$A$2:$A$5743,0)),D1272) -> ORD26005334 | P1272: =IF(L1272>DATE(2026,9,30),"Oct-Due","Sep") -> Sep
A1273: rfnd_9W43EZ5AG8NS | B1273: pay_420002799 | D1273: =UPPER(SUBSTITUTE(TRIM(C1273),"-","")) | E1273: 46272 | F1273: REFUND | G1273: UPI | H1273: 8498 | I1273: 0 | J1273: 0 | K1273: -8498 | L1273: 46274 | M1273: STL-20260909 | N1273: =IF(COUNTIF($A$2:A1273,A1273)>1,"DUP","OK") -> OK | O1273: =IF(F1273="REFUND",INDEX($D$2:$D$5743,MATCH(B1273,$A$2:$A$5743,0)),D1273) -> ORD26002941 | P1273: =IF(L1273>DATE(2026,9,30),"Oct-Due","Sep") -> Sep
A1274: rfnd_CAR7S5T7533X | B1274: pay_420005055 | D1274: =UPPER(SUBSTITUTE(TRIM(C1274),"-","")) | E1274: 46272 | F1274: REFUND | G1274: Card | H1274: 2499 | I1274: 0 | J1274: 0 | K1274: -2499 | L1274: 46274 | M1274: STL-20260909 | N1274: =IF(COUNTIF($A$2:A1274,A1274)>1,"DUP","OK") -> OK | O1274: =IF(F1274="REFUND",INDEX($D$2:$D$5743,MATCH(B1274,$A$2:$A$5743,0)),D1274) -> ORD26005294 | P1274: =IF(L1274>DATE(2026,9,30),"Oct-Due","Sep") -> Sep
A1275: rfnd_D3LD5EY4CUJF | B1275: pay_420001582 | D1275: =UPPER(SUBSTITUTE(TRIM(C1275),"-","")) | E1275: 46272 | F1275: REFUND | G1275: UPI | H1275: 1798 | I1275: 0 | J1275: 0 | K1275: -1798 | L1275: 46274 | M1275: STL-20260909 | N1275: =IF(COUNTIF($A$2:A1275,A1275)>1,"DUP","OK") -> OK | O1275: =IF(F1275="REFUND",INDEX($D$2:$D$5743,MATCH(B1275,$A$2:$A$5743,0)),D1275) -> ORD26001655 | P1275: =IF(L1275>DATE(2026,9,30),"Oct-Due","Sep") -> Sep
A1276: rfnd_GXZ3TWCBJSJ6 | B1276: pay_420005733 | D1276: =UPPER(SUBSTITUTE(TRIM(C1276),"-","")) | E1276: 46272 | F1276: REFUND | G1276: UPI | H1276: 4298 | I1276: 0 | J1276: 0 | K1276: -4298 | L1276: 46274 | M1276: STL-20260909 | N1276: =IF(COUNTIF($A$2:A1276,A1276)>1,"DUP","OK") -> OK | O1276: =IF(F1276="REFUND",INDEX($D$2:$D$5743,MATCH(B1276,$A$2:$A$5743,0)),D1276) -> ORD26006000 | P1276: =IF(L1276>DATE(2026,9,30),"Oct-Due","Sep") -> Sep
A1277: rfnd_JZMCZ5PNDVTT | B1277: pay_420005214 | D1277: =UPPER(SUBSTITUTE(TRIM(C1277),"-","")) | E1277: 46272 | F1277: REFUND | G1277: UPI | H1277: 799 | I1277: 0 | J1277: 0 | K1277: -799 | L1277: 46274 | M1277: STL-20260909 | N1277: =IF(COUNTIF($A$2:A1277,A1277)>1,"DUP","OK") -> OK | O1277: =IF(F1277="REFUND",INDEX($D$2:$D$5743,MATCH(B1277,$A$2:$A$5743,0)),D1277) -> ORD26005455 | P1277: =IF(L1277>DATE(2026,9,30),"Oct-Due","Sep") -> Sep
A1278: rfnd_K0PZZ4161JQT | B1278: pay_420001429 | D1278: =UPPER(SUBSTITUTE(TRIM(C1278),"-","")) | E1278: 46272 | F1278: REFUND | G1278: UPI | H1278: 5097 | I1278: 0 | J1278: 0 | K1278: -5097 | L1278: 46274 | M1278: STL-20260909 | N1278: =IF(COUNTIF($A$2:A1278,A1278)>1,"DUP","OK") -> OK | O1278: =IF(F1278="REFUND",INDEX($D$2:$D$5743,MATCH(B1278,$A$2:$A$5743,0)),D1278) -> ORD26001497 | P1278: =IF(L1278>DATE(2026,9,30),"Oct-Due","Sep") -> Sep
A1279: rfnd_PB5X094KKMG4 | B1279: pay_420003538 | D1279: =UPPER(SUBSTITUTE(TRIM(C1279),"-","")) | E1279: 46272 | F1279: REFUND | G1279: Card | H1279: 3298 | I1279: 0 | J1279: 0 | K1279: -3298 | L1279: 46274 | M1279: STL-20260909 | N1279: =IF(COUNTIF($A$2:A1279,A1279)>1,"DUP","OK") -> OK | O1279: =IF(F1279="REFUND",INDEX($D$2:$D$5743,MATCH(B1279,$A$2:$A$5743,0)),D1279) -> ORD26003709 | P1279: =IF(L1279>DATE(2026,9,30),"Oct-Due","Sep") -> Sep
A1280: rfnd_WBGPPC0U3BFL | B1280: pay_420002425 | D1280: =UPPER(SUBSTITUTE(TRIM(C1280),"-","")) | E1280: 46272 | F1280: REFUND | G1280: Card | H1280: 1648 | I1280: 0 | J1280: 0 | K1280: -1648 | L1280: 46274 | M1280: STL-20260909 | N1280: =IF(COUNTIF($A$2:A1280,A1280)>1,"DUP","OK") -> OK | O1280: =IF(F1280="REFUND",INDEX($D$2:$D$5743,MATCH(B1280,$A$2:$A$5743,0)),D1280) -> ORD26002538 | P1280: =IF(L1280>DATE(2026,9,30),"Oct-Due","Sep") -> Sep
A1281: pay_420000012 | C1281: ORD26000012 | D1281: =UPPER(SUBSTITUTE(TRIM(C1281),"-","")) -> ORD26000012 | E1281: 46273 | F1281: CAPTURE | G1281: UPI | H1281: 13997 | I1281: 41.99 | J1281: 7.56 | K1281: 13947.45 | L1281: 46275 | M1281: STL-20260910 | N1281: =IF(COUNTIF($A$2:A1281,A1281)>1,"DUP","OK") -> OK | O1281: =IF(F1281="REFUND",INDEX($D$2:$D$5743,MATCH(B1281,$A$2:$A$5743,0)),D1281) -> ORD26000012 | P1281: =IF(L1281>DATE(2026,9,30),"Oct-Due","Sep") -> Sep
...

Sheet Rate Card
A1: payment_method | B1: amount_above | C1: amount_up_to | D1: mdr_pct | E1: gst_on_mdr_pct | F1: amount_up_to_clean | G1: mdr_rate | H1: gst_rate | I1: slab_label
A2: UPI | B2: 0 | C2: 2000 | D2: 0 | E2: 18 | F2: =IF(C2="",999999999,C2) -> 2000 | G2: =D2/100 -> 0 | H2: =E2/100 -> 0.18 | I2: =A2&" | above "&B2&" up to "&IF(C2="","no limit",C2) -> UPI | above 0 up to 2000
A3: UPI | B3: 2000 | D3: 0.3 | E3: 18 | F3: =IF(C3="",999999999,C3) -> 999999999 | G3: =D3/100 -> 0.003 | H3: =E3/100 -> 0.18 | I3: =A3&" | above "&B3&" up to "&IF(C3="","no limit",C3) -> UPI | above 2000 up to no limit
A4: Card | B4: 0 | C4: 2000 | D4: 1.8 | E4: 18 | F4: =IF(C4="",999999999,C4) -> 2000 | G4: =D4/100 -> 0.018 | H4: =E4/100 -> 0.18 | I4: =A4&" | above "&B4&" up to "&IF(C4="","no limit",C4) -> Card | above 0 up to 2000
A5: Card | B5: 2000 | D5: 1.6 | E5: 18 | F5: =IF(C5="",999999999,C5) -> 999999999 | G5: =D5/100 -> 0.016 | H5: =E5/100 -> 0.18 | I5: =A5&" | above "&B5&" up to "&IF(C5="","no limit",C5) -> Card | above 2000 up to no limit
A6: NetBanking | B6: 0 | C6: 2000 | D6: 1.5 | E6: 18 | F6: =IF(C6="",999999999,C6) -> 2000 | G6: =D6/100 -> 0.015 | H6: =E6/100 -> 0.18 | I6: =A6&" | above "&B6&" up to "&IF(C6="","no limit",C6) -> NetBanking | above 0 up to 2000
A7: NetBanking | B7: 2000 | C7: 10000 | D7: 1.2 | E7: 18 | F7: =IF(C7="",999999999,C7) -> 10000 | G7: =D7/100 -> 0.012 | H7: =E7/100 -> 0.18 | I7: =A7&" | above "&B7&" up to "&IF(C7="","no limit",C7) -> NetBanking | above 2000 up to 10000
A8: NetBanking | B8: 10000 | D8: 0.9 | E8: 18 | F8: =IF(C8="",999999999,C8) -> 999999999 | G8: =D8/100 -> 0.009 | H8: =E8/100 -> 0.18 | I8: =A8&" | above "&B8&" up to "&IF(C8="","no limit",C8) -> NetBanking | above 10000 up to no limit
A9: Wallet | B9: 0 | C9: 2000 | D9: 1.9 | E9: 18 | F9: =IF(C9="",999999999,C9) -> 2000 | G9: =D9/100 -> 0.019 | H9: =E9/100 -> 0.18 | I9: =A9&" | above "&B9&" up to "&IF(C9="","no limit",C9) -> Wallet | above 0 up to 2000
A10: Wallet | B10: 2000 | D10: 1.7 | E10: 18 | F10: =IF(C10="",999999999,C10) -> 999999999 | G10: =D10/100 -> 0.017 | H10: =E10/100 -> 0.18 | I10: =A10&" | above "&B10&" up to "&IF(C10="","no limit",C10) -> Wallet | above 2000 up to no limit

Sheet order_cleaned
A1: order_id | B1: order_date | C1: customer_id | D1: city | E1: payment_method | F1: order_amount | G1: order_status | H1: order_date_clean | I1: order_amount_clean | J1: city_clean | K1: capture_count | L1: capture_gross | M1: refund_count | N1: refund_amount | O1: exception_type | P1: exception_value
A2: ORD26000001 | B2: 21-09-2026 | C2: CUST28289 | D2: Pune | E2: UPI | F2: 299.0 | G2: Paid | H2: =IF(MID(B2,5,1)="-",DATE(LEFT(B2,4),MID(B2,6,2),RIGHT(B2,2)),DATE(RIGHT(B2,4),MID(B2,4,2),LEFT(B2,2))) -> 46286 | I2: =VALUE(SUBSTITUTE(F2,",","")) -> 299 | J2: =IF(TRIM(D2)="","Unknown",TRIM(D2)) -> Pune | K2: =COUNTIFS(pg_transaction_cleaned!$O$2:$O$5743,A2,pg_transaction_cleaned!$F$2:$F$5743,"CAPTURE") -> 1 | L2: =SUMIFS(pg_transaction_cleaned!$H$2:$H$5743,pg_transaction_cleaned!$O$2:$O$5743,A2,pg_transaction_cleaned!$F$2:$F$5743,"CAPTURE") -> 299 | M2: =COUNTIFS(pg_transaction_cleaned!$O$2:$O$5743,A2,pg_transaction_cleaned!$F$2:$F$5743,"REFUND") -> 0 | N2: =SUMIFS(pg_transaction_cleaned!$H$2:$H$5743,pg_transaction_cleaned!$O$2:$O$5743,A2,pg_transaction_cleaned!$F$2:$F$5743,"REFUND") -> 0 | O2: =IF(AND(G2="Paid",K2=0),"Paid, no payment",IF(AND(OR(G2="Failed",G2="Cancelled"),K2>0),"Payment on failed/cancelled",IF(K2>1,"Duplicate charge",IF(AND(K2=1,ROUND(L2-I2,2)<>0),"Amount difference",IF(AND(G2="Refunded",M2=0),"Refunded, no refund",IF(AND(G2<>"Refunded",M2>0),"Refund, order not Refunded",IF(AND(M2>0,ROUND(N2-I2,2)<>0),"Refund amount differs","OK"))))))) -> OK | P2: =IF(O2="OK",0,IF(O2="Paid, no payment",I2,IF(O2="Payment on failed/cancelled",L2,IF(OR(O2="Duplicate charge",O2="Amount difference"),L2-I2,IF(O2="Refunded, no refund",I2,N2))))) -> 0
A3: ORD26000002 | B3: 22/09/2026 | C3: CUST38657 | D3: Bengaluru | E3: UPI | F3: 4647.0 | G3: Paid | H3: =IF(MID(B3,5,1)="-",DATE(LEFT(B3,4),MID(B3,6,2),RIGHT(B3,2)),DATE(RIGHT(B3,4),MID(B3,4,2),LEFT(B3,2))) -> 46287 | I3: =VALUE(SUBSTITUTE(F3,",","")) -> 4647 | J3: =IF(TRIM(D3)="","Unknown",TRIM(D3)) -> Bengaluru | K3: =COUNTIFS(pg_transaction_cleaned!$O$2:$O$5743,A3,pg_transaction_cleaned!$F$2:$F$5743,"CAPTURE") -> 1 | L3: =SUMIFS(pg_transaction_cleaned!$H$2:$H$5743,pg_transaction_cleaned!$O$2:$O$5743,A3,pg_transaction_cleaned!$F$2:$F$5743,"CAPTURE") -> 4647 | M3: =COUNTIFS(pg_transaction_cleaned!$O$2:$O$5743,A3,pg_transaction_cleaned!$F$2:$F$5743,"REFUND") -> 0 | N3: =SUMIFS(pg_transaction_cleaned!$H$2:$H$5743,pg_transaction_cleaned!$O$2:$O$5743,A3,pg_transaction_cleaned!$F$2:$F$5743,"REFUND") -> 0 | O3: =IF(AND(G3="Paid",K3=0),"Paid, no payment",IF(AND(OR(G3="Failed",G3="Cancelled"),K3>0),"Payment on failed/cancelled",IF(K3>1,"Duplicate charge",IF(AND(K3=1,ROUND(L3-I3,2)<>0),"Amount difference",IF(AND(G3="Refunded",M3=0),"Refunded, no refund",IF(AND(G3<>"Refunded",M3>0),"Refund, order not Refunded",IF(AND(M3>0,ROUND(N3-I3,2)<>0),"Refund amount differs","OK"))))))) -> OK | P3: =IF(O3="OK",0,IF(O3="Paid, no payment",I3,IF(O3="Payment on failed/cancelled",L3,IF(OR(O3="Duplicate charge",O3="Amount difference"),L3-I3,IF(O3="Refunded, no refund",I3,N3))))) -> 0
A4: ORD26000003 | B4: 17-09-2026 | C4: CUST81426 | D4: Kolkata | E4: Card | F4: 2098.0 | G4: Paid | H4: =IF(MID(B4,5,1)="-",DATE(LEFT(B4,4),MID(B4,6,2),RIGHT(B4,2)),DATE(RIGHT(B4,4),MID(B4,4,2),LEFT(B4,2))) -> 46282 | I4: =VALUE(SUBSTITUTE(F4,",","")) -> 2098 | J4: =IF(TRIM(D4)="","Unknown",TRIM(D4)) -> Kolkata | K4: =COUNTIFS(pg_transaction_cleaned!$O$2:$O$5743,A4,pg_transaction_cleaned!$F$2:$F$5743,"CAPTURE") -> 1 | L4: =SUMIFS(pg_transaction_cleaned!$H$2:$H$5743,pg_transaction_cleaned!$O$2:$O$5743,A4,pg_transaction_cleaned!$F$2:$F$5743,"CAPTURE") -> 2098 | M4: =COUNTIFS(pg_transaction_cleaned!$O$2:$O$5743,A4,pg_transaction_cleaned!$F$2:$F$5743,"REFUND") -> 0 | N4: =SUMIFS(pg_transaction_cleaned!$H$2:$H$5743,pg_transaction_cleaned!$O$2:$O$5743,A4,pg_transaction_cleaned!$F$2:$F$5743,"REFUND") -> 0 | O4: =IF(AND(G4="Paid",K4=0),"Paid, no payment",IF(AND(OR(G4="Failed",G4="Cancelled"),K4>0),"Payment on failed/cancelled",IF(K4>1,"Duplicate charge",IF(AND(K4=1,ROUND(L4-I4,2)<>0),"Amount difference",IF(AND(G4="Refunded",M4=0),"Refunded, no refund",IF(AND(G4<>"Refunded",M4>0),"Refund, order not Refunded",IF(AND(M4>0,ROUND(N4-I4,2)<>0),"Refund amount differs","OK"))))))) -> OK | P4: =IF(O4="OK",0,IF(O4="Paid, no payment",I4,IF(O4="Payment on failed/cancelled",L4,IF(OR(O4="Duplicate charge",O4="Amount difference"),L4-I4,IF(O4="Refunded, no refund",I4,N4))))) -> 0
A5: ORD26000004 | B5: 2026-09-08 | C5: CUST30926 | D5: Kolkata | E5: UPI | F5: 3298.0 | G5: Paid | H5: =IF(MID(B5,5,1)="-",DATE(LEFT(B5,4),MID(B5,6,2),RIGHT(B5,2)),DATE(RIGHT(B5,4),MID(B5,4,2),LEFT(B5,2))) -> 46273 | I5: =VALUE(SUBSTITUTE(F5,",","")) -> 3298 | J5: =IF(TRIM(D5)="","Unknown",TRIM(D5)) -> Kolkata | K5: =COUNTIFS(pg_transaction_cleaned!$O$2:$O$5743,A5,pg_transaction_cleaned!$F$2:$F$5743,"CAPTURE") -> 1 | L5: =SUMIFS(pg_transaction_cleaned!$H$2:$H$5743,pg_transaction_cleaned!$O$2:$O$5743,A5,pg_transaction_cleaned!$F$2:$F$5743,"CAPTURE") -> 3298 | M5: =COUNTIFS(pg_transaction_cleaned!$O$2:$O$5743,A5,pg_transaction_cleaned!$F$2:$F$5743,"REFUND") -> 0 | N5: =SUMIFS(pg_transaction_cleaned!$H$2:$H$5743,pg_transaction_cleaned!$O$2:$O$5743,A5,pg_transaction_cleaned!$F$2:$F$5743,"REFUND") -> 0 | O5: =IF(AND(G5="Paid",K5=0),"Paid, no payment",IF(AND(OR(G5="Failed",G5="Cancelled"),K5>0),"Payment on failed/cancelled",IF(K5>1,"Duplicate charge",IF(AND(K5=1,ROUND(L5-I5,2)<>0),"Amount difference",IF(AND(G5="Refunded",M5=0),"Refunded, no refund",IF(AND(G5<>"Refunded",M5>0),"Refund, order not Refunded",IF(AND(M5>0,ROUND(N5-I5,2)<>0),"Refund amount differs","OK"))))))) -> OK | P5: =IF(O5="OK",0,IF(O5="Paid, no payment",I5,IF(O5="Payment on failed/cancelled",L5,IF(OR(O5="Duplicate charge",O5="Amount difference"),L5-I5,IF(O5="Refunded, no refund",I5,N5))))) -> 0
A6: ORD26000005 | B6: 2026-09-11 | C6: CUST23396 | D6: Pune | E6: Card | F6: 499.0 | G6: Paid | H6: =IF(MID(B6,5,1)="-",DATE(LEFT(B6,4),MID(B6,6,2),RIGHT(B6,2)),DATE(RIGHT(B6,4),MID(B6,4,2),LEFT(B6,2))) -> 46276 | I6: =VALUE(SUBSTITUTE(F6,",","")) -> 499 | J6: =IF(TRIM(D6)="","Unknown",TRIM(D6)) -> Pune | K6: =COUNTIFS(pg_transaction_cleaned!$O$2:$O$5743,A6,pg_transaction_cleaned!$F$2:$F$5743,"CAPTURE") -> 1 | L6: =SUMIFS(pg_transaction_cleaned!$H$2:$H$5743,pg_transaction_cleaned!$O$2:$O$5743,A6,pg_transaction_cleaned!$F$2:$F$5743,"CAPTURE") -> 499 | M6: =COUNTIFS(pg_transaction_cleaned!$O$2:$O$5743,A6,pg_transaction_cleaned!$F$2:$F$5743,"REFUND") -> 0 | N6: =SUMIFS(pg_transaction_cleaned!$H$2:$H$5743,pg_transaction_cleaned!$O$2:$O$5743,A6,pg_transaction_cleaned!$F$2:$F$5743,"REFUND") -> 0 | O6: =IF(AND(G6="Paid",K6=0),"Paid, no payment",IF(AND(OR(G6="Failed",G6="Cancelled"),K6>0),"Payment on failed/cancelled",IF(K6>1,"Duplicate charge",IF(AND(K6=1,ROUND(L6-I6,2)<>0),"Amount difference",IF(AND(G6="Refunded",M6=0),"Refunded, no refund",IF(AND(G6<>"Refunded",M6>0),"Refund, order not Refunded",IF(AND(M6>0,ROUND(N6-I6,2)<>0),"Refund amount differs","OK"))))))) -> OK | P6: =IF(O6="OK",0,IF(O6="Paid, no payment",I6,IF(O6="Payment on failed/cancelled",L6,IF(OR(O6="Duplicate charge",O6="Amount difference"),L6-I6,IF(O6="Refunded, no refund",I6,N6))))) -> 0
A7: ORD26000006 | B7: 2026-09-13 | C7: CUST15695 | D7: Ahmedabad | E7: Card | F7: 999.0 | G7: Paid | H7: =IF(MID(B7,5,1)="-",DATE(LEFT(B7,4),MID(B7,6,2),RIGHT(B7,2)),DATE(RIGHT(B7,4),MID(B7,4,2),LEFT(B7,2))) -> 46278 | I7: =VALUE(SUBSTITUTE(F7,",","")) -> 999 | J7: =IF(TRIM(D7)="","Unknown",TRIM(D7)) -> Ahmedabad | K7: =COUNTIFS(pg_transaction_cleaned!$O$2:$O$5743,A7,pg_transaction_cleaned!$F$2:$F$5743,"CAPTURE") -> 1 | L7: =SUMIFS(pg_transaction_cleaned!$H$2:$H$5743,pg_transaction_cleaned!$O$2:$O$5743,A7,pg_transaction_cleaned!$F$2:$F$5743,"CAPTURE") -> 999 | M7: =COUNTIFS(pg_transaction_cleaned!$O$2:$O$5743,A7,pg_transaction_cleaned!$F$2:$F$5743,"REFUND") -> 0 | N7: =SUMIFS(pg_transaction_cleaned!$H$2:$H$5743,pg_transaction_cleaned!$O$2:$O$5743,A7,pg_transaction_cleaned!$F$2:$F$5743,"REFUND") -> 0 | O7: =IF(AND(G7="Paid",K7=0),"Paid, no payment",IF(AND(OR(G7="Failed",G7="Cancelled"),K7>0),"Payment on failed/cancelled",IF(K7>1,"Duplicate charge",IF(AND(K7=1,ROUND(L7-I7,2)<>0),"Amount difference",IF(AND(G7="Refunded",M7=0),"Refunded, no refund",IF(AND(G7<>"Refunded",M7>0),"Refund, order not Refunded",IF(AND(M7>0,ROUND(N7-I7,2)<>0),"Refund amount differs","OK"))))))) -> OK | P7: =IF(O7="OK",0,IF(O7="Paid, no payment",I7,IF(O7="Payment on failed/cancelled",L7,IF(OR(O7="Duplicate charge",O7="Amount difference"),L7-I7,IF(O7="Refunded, no refund",I7,N7))))) -> 0
A8: ORD26000007 | B8: 18-09-2026 | C8: CUST92397 | D8: Lucknow | E8: UPI | F8: 1299.0 | G8: Paid | H8: =IF(MID(B8,5,1)="-",DATE(LEFT(B8,4),MID(B8,6,2),RIGHT(B8,2)),DATE(RIGHT(B8,4),MID(B8,4,2),LEFT(B8,2))) -> 46283 | I8: =VALUE(SUBSTITUTE(F8,",","")) -> 1299 | J8: =IF(TRIM(D8)="","Unknown",TRIM(D8)) -> Lucknow | K8: =COUNTIFS(pg_transaction_cleaned!$O$2:$O$5743,A8,pg_transaction_cleaned!$F$2:$F$5743,"CAPTURE") -> 1 | L8: =SUMIFS(pg_transaction_cleaned!$H$2:$H$5743,pg_transaction_cleaned!$O$2:$O$5743,A8,pg_transaction_cleaned!$F$2:$F$5743,"CAPTURE") -> 1299 | M8: =COUNTIFS(pg_transaction_cleaned!$O$2:$O$5743,A8,pg_transaction_cleaned!$F$2:$F$5743,"REFUND") -> 0 | N8: =SUMIFS(pg_transaction_cleaned!$H$2:$H$5743,pg_transaction_cleaned!$O$2:$O$5743,A8,pg_transaction_cleaned!$F$2:$F$5743,"REFUND") -> 0 | O8: =IF(AND(G8="Paid",K8=0),"Paid, no payment",IF(AND(OR(G8="Failed",G8="Cancelled"),K8>0),"Payment on failed/cancelled",IF(K8>1,"Duplicate charge",IF(AND(K8=1,ROUND(L8-I8,2)<>0),"Amount difference",IF(AND(G8="Refunded",M8=0),"Refunded, no refund",IF(AND(G8<>"Refunded",M8>0),"Refund, order not Refunded",IF(AND(M8>0,ROUND(N8-I8,2)<>0),"Refund amount differs","OK"))))))) -> OK | P8: =IF(O8="OK",0,IF(O8="Paid, no payment",I8,IF(O8="Payment on failed/cancelled",L8,IF(OR(O8="Duplicate charge",O8="Amount difference"),L8-I8,IF(O8="Refunded, no refund",I8,N8))))) -> 0
A9: ORD26000008 | B9: 2026-09-29 | C9: CUST96673 | D9: Bengaluru | E9: UPI | F9: 2499.0 | G9: Paid | H9: =IF(MID(B9,5,1)="-",DATE(LEFT(B9,4),MID(B9,6,2),RIGHT(B9,2)),DATE(RIGHT(B9,4),MID(B9,4,2),LEFT(B9,2))) -> 46294 | I9: =VALUE(SUBSTITUTE(F9,",","")) -> 2499 | J9: =IF(TRIM(D9)="","Unknown",TRIM(D9)) -> Bengaluru | K9: =COUNTIFS(pg_transaction_cleaned!$O$2:$O$5743,A9,pg_transaction_cleaned!$F$2:$F$5743,"CAPTURE") -> 1 | L9: =SUMIFS(pg_transaction_cleaned!$H$2:$H$5743,pg_transaction_cleaned!$O$2:$O$5743,A9,pg_transaction_cleaned!$F$2:$F$5743,"CAPTURE") -> 2499 | M9: =COUNTIFS(pg_transaction_cleaned!$O$2:$O$5743,A9,pg_transaction_cleaned!$F$2:$F$5743,"REFUND") -> 0 | N9: =SUMIFS(pg_transaction_cleaned!$H$2:$H$5743,pg_transaction_cleaned!$O$2:$O$5743,A9,pg_transaction_cleaned!$F$2:$F$5743,"REFUND") -> 0 | O9: =IF(AND(G9="Paid",K9=0),"Paid, no payment",IF(AND(OR(G9="Failed",G9="Cancelled"),K9>0),"Payment on failed/cancelled",IF(K9>1,"Duplicate charge",IF(AND(K9=1,ROUND(L9-I9,2)<>0),"Amount difference",IF(AND(G9="Refunded",M9=0),"Refunded, no refund",IF(AND(G9<>"Refunded",M9>0),"Refund, order not Refunded",IF(AND(M9>0,ROUND(N9-I9,2)<>0),"Refund amount differs","OK"))))))) -> OK | P9: =IF(O9="OK",0,IF(O9="Paid, no payment",I9,IF(O9="Payment on failed/cancelled",L9,IF(OR(O9="Duplicate charge",O9="Amount difference"),L9-I9,IF(O9="Refunded, no refund",I9,N9))))) -> 0
A10: ORD26000009 | B10: 25-09-2026 | C10: CUST59823 | D10: Hyderabad | E10: NetBanking | F10: 349.0 | G10: Paid | H10: =IF(MID(B10,5,1)="-",DATE(LEFT(B10,4),MID(B10,6,2),RIGHT(B10,2)),DATE(RIGHT(B10,4),MID(B10,4,2),LEFT(B10,2))) -> 46290 | I10: =VALUE(SUBSTITUTE(F10,",","")) -> 349 | J10: =IF(TRIM(D10)="","Unknown",TRIM(D10)) -> Hyderabad | K10: =COUNTIFS(pg_transaction_cleaned!$O$2:$O$5743,A10,pg_transaction_cleaned!$F$2:$F$5743,"CAPTURE") -> 1 | L10: =SUMIFS(pg_transaction_cleaned!$H$2:$H$5743,pg_transaction_cleaned!$O$2:$O$5743,A10,pg_transaction_cleaned!$F$2:$F$5743,"CAPTURE") -> 349 | M10: =COUNTIFS(pg_transaction_cleaned!$O$2:$O$5743,A10,pg_transaction_cleaned!$F$2:$F$5743,"REFUND") -> 0 | N10: =SUMIFS(pg_transaction_cleaned!$H$2:$H$5743,pg_transaction_cleaned!$O$2:$O$5743,A10,pg_transaction_cleaned!$F$2:$F$5743,"REFUND") -> 0 | O10: =IF(AND(G10="Paid",K10=0),"Paid, no payment",IF(AND(OR(G10="Failed",G10="Cancelled"),K10>0),"Payment on failed/cancelled",IF(K10>1,"Duplicate charge",IF(AND(K10=1,ROUND(L10-I10,2)<>0),"Amount difference",IF(AND(G10="Refunded",M10=0),"Refunded, no refund",IF(AND(G10<>"Refunded",M10>0),"Refund, order not Refunded",IF(AND(M10>0,ROUND(N10-I10,2)<>0),"Refund amount differs","OK"))))))) -> OK | P10: =IF(O10="OK",0,IF(O10="Paid, no payment",I10,IF(O10="Payment on failed/cancelled",L10,IF(OR(O10="Duplicate charge",O10="Amount difference"),L10-I10,IF(O10="Refunded, no refund",I10,N10))))) -> 0
A11: ORD26000010 | B11: 15-09-2026 | C11: CUST44993 | D11: Pune | E11: UPI | F11: 9497.0 | G11: Paid | H11: =IF(MID(B11,5,1)="-",DATE(LEFT(B11,4),MID(B11,6,2),RIGHT(B11,2)),DATE(RIGHT(B11,4),MID(B11,4,2),LEFT(B11,2))) -> 46280 | I11: =VALUE(SUBSTITUTE(F11,",","")) -> 9497 | J11: =IF(TRIM(D11)="","Unknown",TRIM(D11)) -> Pune | K11: =COUNTIFS(pg_transaction_cleaned!$O$2:$O$5743,A11,pg_transaction_cleaned!$F$2:$F$5743,"CAPTURE") -> 1 | L11: =SUMIFS(pg_transaction_cleaned!$H$2:$H$5743,pg_transaction_cleaned!$O$2:$O$5743,A11,pg_transaction_cleaned!$F$2:$F$5743,"CAPTURE") -> 9497 | M11: =COUNTIFS(pg_transaction_cleaned!$O$2:$O$5743,A11,pg_transaction_cleaned!$F$2:$F$5743,"REFUND") -> 0 | N11: =SUMIFS(pg_transaction_cleaned!$H$2:$H$5743,pg_transaction_cleaned!$O$2:$O$5743,A11,pg_transaction_cleaned!$F$2:$F$5743,"REFUND") -> 0 | O11: =IF(AND(G11="Paid",K11=0),"Paid, no payment",IF(AND(OR(G11="Failed",G11="Cancelled"),K11>0),"Payment on failed/cancelled",IF(K11>1,"Duplicate charge",IF(AND(K11=1,ROUND(L11-I11,2)<>0),"Amount difference",IF(AND(G11="Refunded",M11=0),"Refunded, no refund",IF(AND(G11<>"Refunded",M11>0),"Refund, order not Refunded",IF(AND(M11>0,ROUND(N11-I11,2)<>0),"Refund amount differs","OK"))))))) -> OK | P11: =IF(O11="OK",0,IF(O11="Paid, no payment",I11,IF(O11="Payment on failed/cancelled",L11,IF(OR(O11="Duplicate charge",O11="Amount difference"),L11-I11,IF(O11="Refunded, no refund",I11,N11))))) -> 0
A12: ORD26000011 | B12: 20-09-2026 | C12: CUST45382 | D12: Jaipur | E12: UPI | F12: 5797.0 | G12: Paid | H12: =IF(MID(B12,5,1)="-",DATE(LEFT(B12,4),MID(B12,6,2),RIGHT(B12,2)),DATE(RIGHT(B12,4),MID(B12,4,2),LEFT(B12,2))) -> 46285 | I12: =VALUE(SUBSTITUTE(F12,",","")) -> 5797 | J12: =IF(TRIM(D12)="","Unknown",TRIM(D12)) -> Jaipur | K12: =COUNTIFS(pg_transaction_cleaned!$O$2:$O$5743,A12,pg_transaction_cleaned!$F$2:$F$5743,"CAPTURE") -> 1 | L12: =SUMIFS(pg_transaction_cleaned!$H$2:$H$5743,pg_transaction_cleaned!$O$2:$O$5743,A12,pg_transaction_cleaned!$F$2:$F$5743,"CAPTURE") -> 5797 | M12: =COUNTIFS(pg_transaction_cleaned!$O$2:$O$5743,A12,pg_transaction_cleaned!$F$2:$F$5743,"REFUND") -> 0 | N12: =SUMIFS(pg_transaction_cleaned!$H$2:$H$5743,pg_transaction_cleaned!$O$2:$O$5743,A12,pg_transaction_cleaned!$F$2:$F$5743,"REFUND") -> 0 | O12: =IF(AND(G12="Paid",K12=0),"Paid, no payment",IF(AND(OR(G12="Failed",G12="Cancelled"),K12>0),"Payment on failed/cancelled",IF(K12>1,"Duplicate charge",IF(AND(K12=1,ROUND(L12-I12,2)<>0),"Amount difference",IF(AND(G12="Refunded",M12=0),"Refunded, no refund",IF(AND(G12<>"Refunded",M12>0),"Refund, order not Refunded",IF(AND(M12>0,ROUND(N12-I12,2)<>0),"Refund amount differs","OK"))))))) -> OK | P12: =IF(O12="OK",0,IF(O12="Paid, no payment",I12,IF(O12="Payment on failed/cancelled",L12,IF(OR(O12="Duplicate charge",O12="Amount difference"),L12-I12,IF(O12="Refunded, no refund",I12,N12))))) -> 0
A13: ORD26000012 | B13: 2026-09-08 | C13: CUST14207 | D13: Chennai | E13: UPI | F13: 13997.0 | G13: Paid | H13: =IF(MID(B13,5,1)="-",DATE(LEFT(B13,4),MID(B13,6,2),RIGHT(B13,2)),DATE(RIGHT(B13,4),MID(B13,4,2),LEFT(B13,2))) -> 46273 | I13: =VALUE(SUBSTITUTE(F13,",","")) -> 13997 | J13: =IF(TRIM(D13)="","Unknown",TRIM(D13)) -> Chennai | K13: =COUNTIFS(pg_transaction_cleaned!$O$2:$O$5743,A13,pg_transaction_cleaned!$F$2:$F$5743,"CAPTURE") -> 1 | L13: =SUMIFS(pg_transaction_cleaned!$H$2:$H$5743,pg_transaction_cleaned!$O$2:$O$5743,A13,pg_transaction_cleaned!$F$2:$F$5743,"CAPTURE") -> 13997 | M13: =COUNTIFS(pg_transaction_cleaned!$O$2:$O$5743,A13,pg_transaction_cleaned!$F$2:$F$5743,"REFUND") -> 0 | N13: =SUMIFS(pg_transaction_cleaned!$H$2:$H$5743,pg_transaction_cleaned!$O$2:$O$5743,A13,pg_transaction_cleaned!$F$2:$F$5743,"REFUND") -> 0 | O13: =IF(AND(G13="Paid",K13=0),"Paid, no payment",IF(AND(OR(G13="Failed",G13="Cancelled"),K13>0),"Payment on failed/cancelled",IF(K13>1,"Duplicate charge",IF(AND(K13=1,ROUND(L13-I13,2)<>0),"Amount difference",IF(AND(G13="Refunded",M13=0),"Refunded, no refund",IF(AND(G13<>"Refunded",M13>0),"Refund, order not Refunded",IF(AND(M13>0,ROUND(N13-I13,2)<>0),"Refund amount differs","OK"))))))) -> OK | P13: =IF(O13="OK",0,IF(O13="Paid, no payment",I13,IF(O13="Payment on failed/cancelled",L13,IF(OR(O13="Duplicate charge",O13="Amount difference"),L13-I13,IF(O13="Refunded, no refund",I13,N13))))) -> 0
... A80: ORD26000079 | B80: 2026-09-20 | C80: CUST76162 | D80: Kolkata | E80: Card | F80: 4999.0 | G80: Failed | H80: =IF(MID(B80,5,1)="-",DATE(LEFT(B80,4),MID(B80,6,2),RIGHT(B80,2)),DATE(RIGHT(B80,4),MID(B80,4,2),LEFT(B80,2))) -> 46285 | I80: =VALUE(SUBSTITUTE(F80,",","")) -> 4999 | J80: =IF(TRIM(D80)="","Unknown",TRIM(D80)) -> Kolkata | K80: =COUNTIFS(pg_transaction_cleaned!$O$2:$O$5743,A80,pg_transaction_cleaned!$F$2:$F$5743,"CAPTURE") -> 0 | L80: =SUMIFS(pg_transaction_cleaned!$H$2:$H$5743,pg_transaction_cleaned!$O$2:$O$5743,A80,pg_transaction_cleaned!$F$2:$F$5743,"CAPTURE") -> 0 | M80: =COUNTIFS(pg_transaction_cleaned!$O$2:$O$5743,A80,pg_transaction_cleaned!$F$2:$F$5743,"REFUND") -> 0 | N80: =SUMIFS(pg_transaction_cleaned!$H$2:$H$5743,pg_transaction_cleaned!$O$2:$O$5743,A80,pg_transaction_cleaned!$F$2:$F$5743,"REFUND") -> 0 | O80: =IF(AND(G80="Paid",K80=0),"Paid, no payment",IF(AND(OR(G80="Failed",G80="Cancelled"),K80>0),"Payment on failed/cancelled",IF(K80>1,"Duplicate charge",IF(AND(K80=1,ROUND(L80-I80,2)<>0),"Amount difference",IF(AND(G80="Refunded",M80=0),"Refunded, no refund",IF(AND(G80<>"Refunded",M80>0),"Refund, order not Refunded",IF(AND(M80>0,ROUND(N80-I80,2)<>0),"Refund amount differs","OK"))))))) -> OK | P80: =IF(O80="OK",0,IF(O80="Paid, no payment",I80,IF(O80="Payment on failed/cancelled",L80,IF(OR(O80="Duplicate charge",O80="Amount difference"),L80-I80,IF(O80="Refunded, no refund",I80,N80))))) -> 0
A81: ORD26000080 | B81: 27-09-2026 | C81: CUST43972 | E81: UPI | F81: 1998.0 | G81: Paid | H81: =IF(MID(B81,5,1)="-",DATE(LEFT(B81,4),MID(B81,6,2),RIGHT(B81,2)),DATE(RIGHT(B81,4),MID(B81,4,2),LEFT(B81,2))) -> 46292 | I81: =VALUE(SUBSTITUTE(F81,",","")) -> 1998 | J81: =IF(TRIM(D81)="","Unknown",TRIM(D81)) -> Unknown | K81: =COUNTIFS(pg_transaction_cleaned!$O$2:$O$5743,A81,pg_transaction_cleaned!$F$2:$F$5743,"CAPTURE") -> 1 | L81: =SUMIFS(pg_transaction_cleaned!$H$2:$H$5743,pg_transaction_cleaned!$O$2:$O$5743,A81,pg_transaction_cleaned!$F$2:$F$5743,"CAPTURE") -> 1998 | M81: =COUNTIFS(pg_transaction_cleaned!$O$2:$O$5743,A81,pg_transaction_cleaned!$F$2:$F$5743,"REFUND") -> 0 | N81: =SUMIFS(pg_transaction_cleaned!$H$2:$H$5743,pg_transaction_cleaned!$O$2:$O$5743,A81,pg_transaction_cleaned!$F$2:$F$5743,"REFUND") -> 0 | O81: =IF(AND(G81="Paid",K81=0),"Paid, no payment",IF(AND(OR(G81="Failed",G81="Cancelled"),K81>0),"Payment on failed/cancelled",IF(K81>1,"Duplicate charge",IF(AND(K81=1,ROUND(L81-I81,2)<>0),"Amount difference",IF(AND(G81="Refunded",M81=0),"Refunded, no refund",IF(AND(G81<>"Refunded",M81>0),"Refund, order not Refunded",IF(AND(M81>0,ROUND(N81-I81,2)<>0),"Refund amount differs","OK"))))))) -> OK | P81: =IF(O81="OK",0,IF(O81="Paid, no payment",I81,IF(O81="Payment on failed/cancelled",L81,IF(OR(O81="Duplicate charge",O81="Amount difference"),L81-I81,IF(O81="Refunded, no refund",I81,N81))))) -> 0
A82: ORD26000081 | B82: 2026-09-27 | C82: CUST45992 | D82: Ahmedabad | E82: Card | F82: 10797.0 | G82: Paid | H82: =IF(MID(B82,5,1)="-",DATE(LEFT(B82,4),MID(B82,6,2),RIGHT(B82,2)),DATE(RIGHT(B82,4),MID(B82,4,2),LEFT(B82,2))) -> 46292 | I82: =VALUE(SUBSTITUTE(F82,",","")) -> 10797 | J82: =IF(TRIM(D82)="","Unknown",TRIM(D82)) -> Ahmedabad | K82: =COUNTIFS(pg_transaction_cleaned!$O$2:$O$5743,A82,pg_transaction_cleaned!$F$2:$F$5743,"CAPTURE") -> 1 | L82: =SUMIFS(pg_transaction_cleaned!$H$2:$H$5743,pg_transaction_cleaned!$O$2:$O$5743,A82,pg_transaction_cleaned!$F$2:$F$5743,"CAPTURE") -> 10797 | M82: =COUNTIFS(pg_transaction_cleaned!$O$2:$O$5743,A82,pg_transaction_cleaned!$F$2:$F$5743,"REFUND") -> 0 | N82: =SUMIFS(pg_transaction_cleaned!$H$2:$H$5743,pg_transaction_cleaned!$O$2:$O$5743,A82,pg_transaction_cleaned!$F$2:$F$5743,"REFUND") -> 0 | O82: =IF(AND(G82="Paid",K82=0),"Paid, no payment",IF(AND(OR(G82="Failed",G82="Cancelled"),K82>0),"Payment on failed/cancelled",IF(K82>1,"Duplicate charge",IF(AND(K82=1,ROUND(L82-I82,2)<>0),"Amount difference",IF(AND(G82="Refunded",M82=0),"Refunded, no refund",IF(AND(G82<>"Refunded",M82>0),"Refund, order not Refunded",IF(AND(M82>0,ROUND(N82-I82,2)<>0),"Refund amount differs","OK"))))))) -> OK | P82: =IF(O82="OK",0,IF(O82="Paid, no payment",I82,IF(O82="Payment on failed/cancelled",L82,IF(OR(O82="Duplicate charge",O82="Amount difference"),L82-I82,IF(O82="Refunded, no refund",I82,N82))))) -> 0
A83: ORD26000082 | B83: 03-09-2026 | C83: CUST20561 | D83: Delhi | E83: Wallet | F83: 2197.0 | G83: Paid | H83: =IF(MID(B83,5,1)="-",DATE(LEFT(B83,4),MID(B83,6,2),RIGHT(B83,2)),DATE(RIGHT(B83,4),MID(B83,4,2),LEFT(B83,2))) -> 46268 | I83: =VALUE(SUBSTITUTE(F83,",","")) -> 2197 | J83: =IF(TRIM(D83)="","Unknown",TRIM(D83)) -> Delhi | K83: =COUNTIFS(pg_transaction_cleaned!$O$2:$O$5743,A83,pg_transaction_cleaned!$F$2:$F$5743,"CAPTURE") -> 1 | L83: =SUMIFS(pg_transaction_cleaned!$H$2:$H$5743,pg_transaction_cleaned!$O$2:$O$5743,A83,pg_transaction_cleaned!$F$2:$F$5743,"CAPTURE") -> 2197 | M83: =COUNTIFS(pg_transaction_cleaned!$O$2:$O$5743,A83,pg_transaction_cleaned!$F$2:$F$5743,"REFUND") -> 0 | N83: =SUMIFS(pg_transaction_cleaned!$H$2:$H$5743,pg_transaction_cleaned!$O$2:$O$5743,A83,pg_transaction_cleaned!$F$2:$F$5743,"REFUND") -> 0 | O83: =IF(AND(G83="Paid",K83=0),"Paid, no payment",IF(AND(OR(G83="Failed",G83="Cancelled"),K83>0),"Payment on failed/cancelled",IF(K83>1,"Duplicate charge",IF(AND(K83=1,ROUND(L83-I83,2)<>0),"Amount difference",IF(AND(G83="Refunded",M83=0),"Refunded, no refund",IF(AND(G83<>"Refunded",M83>0),"Refund, order not Refunded",IF(AND(M83>0,ROUND(N83-I83,2)<>0),"Refund amount differs","OK"))))))) -> OK | P83: =IF(O83="OK",0,IF(O83="Paid, no payment",I83,IF(O83="Payment on failed/cancelled",L83,IF(OR(O83="Duplicate charge",O83="Amount difference"),L83-I83,IF(O83="Refunded, no refund",I83,N83))))) -> 0
A84: ORD26000083 | B84: 05-09-2026 | C84: CUST18418 | D84: Kolkata | E84: Card | F84: 1299.0 | G84: Paid | H84: =IF(MID(B84,5,1)="-",DATE(LEFT(B84,4),MID(B84,6,2),RIGHT(B84,2)),DATE(RIGHT(B84,4),MID(B84,4,2),LEFT(B84,2))) -> 46270 | I84: =VALUE(SUBSTITUTE(F84,",","")) -> 1299 | J84: =IF(TRIM(D84)="","Unknown",TRIM(D84)) -> Kolkata | K84: =COUNTIFS(pg_transaction_cleaned!$O$2:$O$5743,A84,pg_transaction_cleaned!$F$2:$F$5743,"CAPTURE") -> 1 | L84: =SUMIFS(pg_transaction_cleaned!$H$2:$H$5743,pg_transaction_cleaned!$O$2:$O$5743,A84,pg_transaction_cleaned!$F$2:$F$5743,"CAPTURE") -> 1299 | M84: =COUNTIFS(pg_transaction_cleaned!$O$2:$O$5743,A84,pg_transaction_cleaned!$F$2:$F$5743,"REFUND") -> 0 | N84: =SUMIFS(pg_transaction_cleaned!$H$2:$H$5743,pg_transaction_cleaned!$O$2:$O$5743,A84,pg_transaction_cleaned!$F$2:$F$5743,"REFUND") -> 0 | O84: =IF(AND(G84="Paid",K84=0),"Paid, no payment",IF(AND(OR(G84="Failed",G84="Cancelled"),K84>0),"Payment on failed/cancelled",IF(K84>1,"Duplicate charge",IF(AND(K84=1,ROUND(L84-I84,2)<>0),"Amount difference",IF(AND(G84="Refunded",M84=0),"Refunded, no refund",IF(AND(G84<>"Refunded",M84>0),"Refund, order not Refunded",IF(AND(M84>0,ROUND(N84-I84,2)<>0),"Refund amount differs","OK"))))))) -> OK | P84: =IF(O84="OK",0,IF(O84="Paid, no payment",I84,IF(O84="Payment on failed/cancelled",L84,IF(OR(O84="Duplicate charge",O84="Amount difference"),L84-I84,IF(O84="Refunded, no refund",I84,N84))))) -> 0
A85: ORD26000084 | B85: 14/09/2026 | C85: CUST65069 | D85: Kolkata | E85: UPI | F85: 1799.0 | G85: Paid | H85: =IF(MID(B85,5,1)="-",DATE(LEFT(B85,4),MID(B85,6,2),RIGHT(B85,2)),DATE(RIGHT(B85,4),MID(B85,4,2),LEFT(B85,2))) -> 46279 | I85: =VALUE(SUBSTITUTE(F85,",","")) -> 1799 | J85: =IF(TRIM(D85)="","Unknown",TRIM(D85)) -> Kolkata | K85: =COUNTIFS(pg_transaction_cleaned!$O$2:$O$5743,A85,pg_transaction_cleaned!$F$2:$F$5743,"CAPTURE") -> 1 | L85: =SUMIFS(pg_transaction_cleaned!$H$2:$H$5743,pg_transaction_cleaned!$O$2:$O$5743,A85,pg_transaction_cleaned!$F$2:$F$5743,"CAPTURE") -> 1799 | M85: =COUNTIFS(pg_transaction_cleaned!$O$2:$O$5743,A85,pg_transaction_cleaned!$F$2:$F$5743,"REFUND") -> 0 | N85: =SUMIFS(pg_transaction_cleaned!$H$2:$H$5743,pg_transaction_cleaned!$O$2:$O$5743,A85,pg_transaction_cleaned!$F$2:$F$5743,"REFUND") -> 0 | O85: =IF(AND(G85="Paid",K85=0),"Paid, no payment",IF(AND(OR(G85="Failed",G85="Cancelled"),K85>0),"Payment on failed/cancelled",IF(K85>1,"Duplicate charge",IF(AND(K85=1,ROUND(L85-I85,2)<>0),"Amount difference",IF(AND(G85="Refunded",M85=0),"Refunded, no refund",IF(AND(G85<>"Refunded",M85>0),"Refund, order not Refunded",IF(AND(M85>0,ROUND(N85-I85,2)<>0),"Refund amount differs","OK"))))))) -> OK | P85: =IF(O85="OK",0,IF(O85="Paid, no payment",I85,IF(O85="Payment on failed/cancelled",L85,IF(OR(O85="Duplicate charge",O85="Amount difference"),L85-I85,IF(O85="Refunded, no refund",I85,N85))))) -> 0
A86: ORD26000085 | B86: 2026-09-29 | C86: CUST59857 | D86: Ahmedabad | E86: Card | F86: 3798.0 | G86: Paid | H86: =IF(MID(B86,5,1)="-",DATE(LEFT(B86,4),MID(B86,6,2),RIGHT(B86,2)),DATE(RIGHT(B86,4),MID(B86,4,2),LEFT(B86,2))) -> 46294 | I86: =VALUE(SUBSTITUTE(F86,",","")) -> 3798 | J86: =IF(TRIM(D86)="","Unknown",TRIM(D86)) -> Ahmedabad | K86: =COUNTIFS(pg_transaction_cleaned!$O$2:$O$5743,A86,pg_transaction_cleaned!$F$2:$F$5743,"CAPTURE") -> 1 | L86: =SUMIFS(pg_transaction_cleaned!$H$2:$H$5743,pg_transaction_cleaned!$O$2:$O$5743,A86,pg_transaction_cleaned!$F$2:$F$5743,"CAPTURE") -> 3798 | M86: =COUNTIFS(pg_transaction_cleaned!$O$2:$O$5743,A86,pg_transaction_cleaned!$F$2:$F$5743,"REFUND") -> 0 | N86: =SUMIFS(pg_transaction_cleaned!$H$2:$H$5743,pg_transaction_cleaned!$O$2:$O$5743,A86,pg_transaction_cleaned!$F$2:$F$5743,"REFUND") -> 0 | O86: =IF(AND(G86="Paid",K86=0),"Paid, no payment",IF(AND(OR(G86="Failed",G86="Cancelled"),K86>0),"Payment on failed/cancelled",IF(K86>1,"Duplicate charge",IF(AND(K86=1,ROUND(L86-I86,2)<>0),"Amount difference",IF(AND(G86="Refunded",M86=0),"Refunded, no refund",IF(AND(G86<>"Refunded",M86>0),"Refund, order not Refunded",IF(AND(M86>0,ROUND(N86-I86,2)<>0),"Refund amount differs","OK"))))))) -> OK | P86: =IF(O86="OK",0,IF(O86="Paid, no payment",I86,IF(O86="Payment on failed/cancelled",L86,IF(OR(O86="Duplicate charge",O86="Amount difference"),L86-I86,IF(O86="Refunded, no refund",I86,N86))))) -> 0
A87: ORD26000086 | B87: 2026-09-01 | C87: CUST64921 | D87: Jaipur | E87: NetBanking | F87: 799.0 | G87: Paid | H87: =IF(MID(B87,5,1)="-",DATE(LEFT(B87,4),MID(B87,6,2),RIGHT(B87,2)),DATE(RIGHT(B87,4),MID(B87,4,2),LEFT(B87,2))) -> 46266 | I87: =VALUE(SUBSTITUTE(F87,",","")) -> 799 | J87: =IF(TRIM(D87)="","Unknown",TRIM(D87)) -> Jaipur | K87: =COUNTIFS(pg_transaction_cleaned!$O$2:$O$5743,A87,pg_transaction_cleaned!$F$2:$F$5743,"CAPTURE") -> 1 | L87: =SUMIFS(pg_transaction_cleaned!$H$2:$H$5743,pg_transaction_cleaned!$O$2:$O$5743,A87,pg_transaction_cleaned!$F$2:$F$5743,"CAPTURE") -> 799 | M87: =COUNTIFS(pg_transaction_cleaned!$O$2:$O$5743,A87,pg_transaction_cleaned!$F$2:$F$5743,"REFUND") -> 0 | N87: =SUMIFS(pg_transaction_cleaned!$H$2:$H$5743,pg_transaction_cleaned!$O$2:$O$5743,A87,pg_transaction_cleaned!$F$2:$F$5743,"REFUND") -> 0 | O87: =IF(AND(G87="Paid",K87=0),"Paid, no payment",IF(AND(OR(G87="Failed",G87="Cancelled"),K87>0),"Payment on failed/cancelled",IF(K87>1,"Duplicate charge",IF(AND(K87=1,ROUND(L87-I87,2)<>0),"Amount difference",IF(AND(G87="Refunded",M87=0),"Refunded, no refund",IF(AND(G87<>"Refunded",M87>0),"Refund, order not Refunded",IF(AND(M87>0,ROUND(N87-I87,2)<>0),"Refund amount differs","OK"))))))) -> OK | P87: =IF(O87="OK",0,IF(O87="Paid, no payment",I87,IF(O87="Payment on failed/cancelled",L87,IF(OR(O87="Duplicate charge",O87="Amount difference"),L87-I87,IF(O87="Refunded, no refund",I87,N87))))) -> 0
A88: ORD26000087 | B88: 24-09-2026 | C88: CUST45774 | D88: Kolkata | E88: UPI | F88: 9297.0 | G88: Failed | H88: =IF(MID(B88,5,1)="-",DATE(LEFT(B88,4),MID(B88,6,2),RIGHT(B88,2)),DATE(RIGHT(B88,4),MID(B88,4,2),LEFT(B88,2))) -> 46289 | I88: =VALUE(SUBSTITUTE(F88,",","")) -> 9297 | J88: =IF(TRIM(D88)="","Unknown",TRIM(D88)) -> Kolkata | K88: =COUNTIFS(pg_transaction_cleaned!$O$2:$O$5743,A88,pg_transaction_cleaned!$F$2:$F$5743,"CAPTURE") -> 0 | L88: =SUMIFS(pg_transaction_cleaned!$H$2:$H$5743,pg_transaction_cleaned!$O$2:$O$5743,A88,pg_transaction_cleaned!$F$2:$F$5743,"CAPTURE") -> 0 | M88: =COUNTIFS(pg_transaction_cleaned!$O$2:$O$5743,A88,pg_transaction_cleaned!$F$2:$F$5743,"REFUND") -> 0 | N88: =SUMIFS(pg_transaction_cleaned!$H$2:$H$5743,pg_transaction_cleaned!$O$2:$O$5743,A88,pg_transaction_cleaned!$F$2:$F$5743,"REFUND") -> 0 | O88: =IF(AND(G88="Paid",K88=0),"Paid, no payment",IF(AND(OR(G88="Failed",G88="Cancelled"),K88>0),"Payment on failed/cancelled",IF(K88>1,"Duplicate charge",IF(AND(K88=1,ROUND(L88-I88,2)<>0),"Amount difference",IF(AND(G88="Refunded",M88=0),"Refunded, no refund",IF(AND(G88<>"Refunded",M88>0),"Refund, order not Refunded",IF(AND(M88>0,ROUND(N88-I88,2)<>0),"Refund amount differs","OK"))))))) -> OK | P88: =IF(O88="OK",0,IF(O88="Paid, no payment",I88,IF(O88="Payment on failed/cancelled",L88,IF(OR(O88="Duplicate charge",O88="Amount difference"),L88-I88,IF(O88="Refunded, no refund",I88,N88))))) -> 0
A89: ORD26000088 | B89: 2026-09-16 | C89: CUST62994 | D89: Delhi | E89: Card | F89: 1299.0 | G89: Paid | H89: =IF(MID(B89,5,1)="-",DATE(LEFT(B89,4),MID(B89,6,2),RIGHT(B89,2)),DATE(RIGHT(B89,4),MID(B89,4,2),LEFT(B89,2))) -> 46281 | I89: =VALUE(SUBSTITUTE(F89,",","")) -> 1299 | J89: =IF(TRIM(D89)="","Unknown",TRIM(D89)) -> Delhi | K89: =COUNTIFS(pg_transaction_cleaned!$O$2:$O$5743,A89,pg_transaction_cleaned!$F$2:$F$5743,"CAPTURE") -> 1 | L89: =SUMIFS(pg_transaction_cleaned!$H$2:$H$5743,pg_transaction_cleaned!$O$2:$O$5743,A89,pg_transaction_cleaned!$F$2:$F$5743,"CAPTURE") -> 1299 | M89: =COUNTIFS(pg_transaction_cleaned!$O$2:$O$5743,A89,pg_transaction_cleaned!$F$2:$F$5743,"REFUND") -> 0 | N89: =SUMIFS(pg_transaction_cleaned!$H$2:$H$5743,pg_transaction_cleaned!$O$2:$O$5743,A89,pg_transaction_cleaned!$F$2:$F$5743,"REFUND") -> 0 | O89: =IF(AND(G89="Paid",K89=0),"Paid, no payment",IF(AND(OR(G89="Failed",G89="Cancelled"),K89>0),"Payment on failed/cancelled",IF(K89>1,"Duplicate charge",IF(AND(K89=1,ROUND(L89-I89,2)<>0),"Amount difference",IF(AND(G89="Refunded",M89=0),"Refunded, no refund",IF(AND(G89<>"Refunded",M89>0),"Refund, order not Refunded",IF(AND(M89>0,ROUND(N89-I89,2)<>0),"Refund amount differs","OK"))))))) -> OK | P89: =IF(O89="OK",0,IF(O89="Paid, no payment",I89,IF(O89="Payment on failed/cancelled",L89,IF(OR(O89="Duplicate charge",O89="Amount difference"),L89-I89,IF(O89="Refunded, no refund",I89,N89))))) -> 0
A90: ORD26000089 | B90: 27-09-2026 | C90: CUST87580 | D90: Lucknow | E90: Wallet | F90: 2998.0 | G90: Paid | H90: =IF(MID(B90,5,1)="-",DATE(LEFT(B90,4),MID(B90,6,2),RIGHT(B90,2)),DATE(RIGHT(B90,4),MID(B90,4,2),LEFT(B90,2))) -> 46292 | I90: =VALUE(SUBSTITUTE(F90,",","")) -> 2998 | J90: =IF(TRIM(D90)="","Unknown",TRIM(D90)) -> Lucknow | K90: =COUNTIFS(pg_transaction_cleaned!$O$2:$O$5743,A90,pg_transaction_cleaned!$F$2:$F$5743,"CAPTURE") -> 1 | L90: =SUMIFS(pg_transaction_cleaned!$H$2:$H$5743,pg_transaction_cleaned!$O$2:$O$5743,A90,pg_transaction_cleaned!$F$2:$F$5743,"CAPTURE") -> 2998 | M90: =COUNTIFS(pg_transaction_cleaned!$O$2:$O$5743,A90,pg_transaction_cleaned!$F$2:$F$5743,"REFUND") -> 0 | N90: =SUMIFS(pg_transaction_cleaned!$H$2:$H$5743,pg_transaction_cleaned!$O$2:$O$5743,A90,pg_transaction_cleaned!$F$2:$F$5743,"REFUND") -> 0 | O90: =IF(AND(G90="Paid",K90=0),"Paid, no payment",IF(AND(OR(G90="Failed",G90="Cancelled"),K90>0),"Payment on failed/cancelled",IF(K90>1,"Duplicate charge",IF(AND(K90=1,ROUND(L90-I90,2)<>0),"Amount difference",IF(AND(G90="Refunded",M90=0),"Refunded, no refund",IF(AND(G90<>"Refunded",M90>0),"Refund, order not Refunded",IF(AND(M90>0,ROUND(N90-I90,2)<>0),"Refund amount differs","OK"))))))) -> OK | P90: =IF(O90="OK",0,IF(O90="Paid, no payment",I90,IF(O90="Payment on failed/cancelled",L90,IF(OR(O90="Duplicate charge",O90="Amount difference"),L90-I90,IF(O90="Refunded, no refund",I90,N90))))) -> 0
A91: ORD26000090 | B91: 22-09-2026 | C91: CUST70515 | D91: Delhi | E91: UPI | F91: 349.0 | G91: Paid | H91: =IF(MID(B91,5,1)="-",DATE(LEFT(B91,4),MID(B91,6,2),RIGHT(B91,2)),DATE(RIGHT(B91,4),MID(B91,4,2),LEFT(B91,2))) -> 46287 | I91: =VALUE(SUBSTITUTE(F91,",","")) -> 349 | J91: =IF(TRIM(D91)="","Unknown",TRIM(D91)) -> Delhi | K91: =COUNTIFS(pg_transaction_cleaned!$O$2:$O$5743,A91,pg_transaction_cleaned!$F$2:$F$5743,"CAPTURE") -> 1 | L91: =SUMIFS(pg_transaction_cleaned!$H$2:$H$5743,pg_transaction_cleaned!$O$2:$O$5743,A91,pg_transaction_cleaned!$F$2:$F$5743,"CAPTURE") -> 349 | M91: =COUNTIFS(pg_transaction_cleaned!$O$2:$O$5743,A91,pg_transaction_cleaned!$F$2:$F$5743,"REFUND") -> 0 | N91: =SUMIFS(pg_transaction_cleaned!$H$2:$H$5743,pg_transaction_cleaned!$O$2:$O$5743,A91,pg_transaction_cleaned!$F$2:$F$5743,"REFUND") -> 0 | O91: =IF(AND(G91="Paid",K91=0),"Paid, no payment",IF(AND(OR(G91="Failed",G91="Cancelled"),K91>0),"Payment on failed/cancelled",IF(K91>1,"Duplicate charge",IF(AND(K91=1,ROUND(L91-I91,2)<>0),"Amount difference",IF(AND(G91="Refunded",M91=0),"Refunded, no refund",IF(AND(G91<>"Refunded",M91>0),"Refund, order not Refunded",IF(AND(M91>0,ROUND(N91-I91,2)<>0),"Refund amount differs","OK"))))))) -> OK | P91: =IF(O91="OK",0,IF(O91="Paid, no payment",I91,IF(O91="Payment on failed/cancelled",L91,IF(OR(O91="Duplicate charge",O91="Amount difference"),L91-I91,IF(O91="Refunded, no refund",I91,N91))))) -> 0
A92: ORD26000091 | B92: 02-09-2026 | C92: CUST54236 | D92: Kolkata | E92: UPI | F92: 1299.0 | G92: Paid | H92: =IF(MID(B92,5,1)="-",DATE(LEFT(B92,4),MID(B92,6,2),RIGHT(B92,2)),DATE(RIGHT(B92,4),MID(B92,4,2),LEFT(B92,2))) -> 46267 | I92: =VALUE(SUBSTITUTE(F92,",","")) -> 1299 | J92: =IF(TRIM(D92)="","Unknown",TRIM(D92)) -> Kolkata | K92: =COUNTIFS(pg_transaction_cleaned!$O$2:$O$5743,A92,pg_transaction_cleaned!$F$2:$F$5743,"CAPTURE") -> 1 | L92: =SUMIFS(pg_transaction_cleaned!$H$2:$H$5743,pg_transaction_cleaned!$O$2:$O$5743,A92,pg_transaction_cleaned!$F$2:$F$5743,"CAPTURE") -> 1299 | M92: =COUNTIFS(pg_transaction_cleaned!$O$2:$O$5743,A92,pg_transaction_cleaned!$F$2:$F$5743,"REFUND") -> 0 | N92: =SUMIFS(pg_transaction_cleaned!$H$2:$H$5743,pg_transaction_cleaned!$O$2:$O$5743,A92,pg_transaction_cleaned!$F$2:$F$5743,"REFUND") -> 0 | O92: =IF(AND(G92="Paid",K92=0),"Paid, no payment",IF(AND(OR(G92="Failed",G92="Cancelled"),K92>0),"Payment on failed/cancelled",IF(K92>1,"Duplicate charge",IF(AND(K92=1,ROUND(L92-I92,2)<>0),"Amount difference",IF(AND(G92="Refunded",M92=0),"Refunded, no refund",IF(AND(G92<>"Refunded",M92>0),"Refund, order not Refunded",IF(AND(M92>0,ROUND(N92-I92,2)<>0),"Refund amount differs","OK"))))))) -> OK | P92: =IF(O92="OK",0,IF(O92="Paid, no payment",I92,IF(O92="Payment on failed/cancelled",L92,IF(OR(O92="Duplicate charge",O92="Amount difference"),L92-I92,IF(O92="Refunded, no refund",I92,N92))))) -> 0
A93: ORD26000092 | B93: 09-09-2026 | C93: CUST80702 | D93: Mumbai | E93: UPI | F93: 8798.0 | G93: Paid | H93: =IF(MID(B93,5,1)="-",DATE(LEFT(B93,4),MID(B93,6,2),RIGHT(B93,2)),DATE(RIGHT(B93,4),MID(B93,4,2),LEFT(B93,2))) -> 46274 | I93: =VALUE(SUBSTITUTE(F93,",","")) -> 8798 | J93: =IF(TRIM(D93)="","Unknown",TRIM(D93)) -> Mumbai | K93: =COUNTIFS(pg_transaction_cleaned!$O$2:$O$5743,A93,pg_transaction_cleaned!$F$2:$F$5743,"CAPTURE") -> 1 | L93: =SUMIFS(pg_transaction_cleaned!$H$2:$H$5743,pg_transaction_cleaned!$O$2:$O$5743,A93,pg_transaction_cleaned!$F$2:$F$5743,"CAPTURE") -> 8798 | M93: =COUNTIFS(pg_transaction_cleaned!$O$2:$O$5743,A93,pg_transaction_cleaned!$F$2:$F$5743,"REFUND") -> 0 | N93: =SUMIFS(pg_transaction_cleaned!$H$2:$H$5743,pg_transaction_cleaned!$O$2:$O$5743,A93,pg_transaction_cleaned!$F$2:$F$5743,"REFUND") -> 0 | O93: =IF(AND(G93="Paid",K93=0),"Paid, no payment",IF(AND(OR(G93="Failed",G93="Cancelled"),K93>0),"Payment on failed/cancelled",IF(K93>1,"Duplicate charge",IF(AND(K93=1,ROUND(L93-I93,2)<>0),"Amount difference",IF(AND(G93="Refunded",M93=0),"Refunded, no refund",IF(AND(G93<>"Refunded",M93>0),"Refund, order not Refunded",IF(AND(M93>0,ROUND(N93-I93,2)<>0),"Refund amount differs","OK"))))))) -> OK | P93: =IF(O93="OK",0,IF(O93="Paid, no payment",I93,IF(O93="Payment on failed/cancelled",L93,IF(OR(O93="Duplicate charge",O93="Amount difference"),L93-I93,IF(O93="Refunded, no refund",I93,N93))))) -> 0
... A126: ORD26000125 | B126: 04-09-2026 | C126: CUST28643 | D126: Pune | E126: UPI | F126: 3598.0 | G126: Paid | H126: =IF(MID(B126,5,1)="-",DATE(LEFT(B126,4),MID(B126,6,2),RIGHT(B126,2)),DATE(RIGHT(B126,4),MID(B126,4,2),LEFT(B126,2))) -> 46269 | I126: =VALUE(SUBSTITUTE(F126,",","")) -> 3598 | J126: =IF(TRIM(D126)="","Unknown",TRIM(D126)) -> Pune | K126: =COUNTIFS(pg_transaction_cleaned!$O$2:$O$5743,A126,pg_transaction_cleaned!$F$2:$F$5743,"CAPTURE") -> 1 | L126: =SUMIFS(pg_transaction_cleaned!$H$2:$H$5743,pg_transaction_cleaned!$O$2:$O$5743,A126,pg_transaction_cleaned!$F$2:$F$5743,"CAPTURE") -> 3598 | M126: =COUNTIFS(pg_transaction_cleaned!$O$2:$O$5743,A126,pg_transaction_cleaned!$F$2:$F$5743,"REFUND") -> 0 | N126: =SUMIFS(pg_transaction_cleaned!$H$2:$H$5743,pg_transaction_cleaned!$O$2:$O$5743,A126,pg_transaction_cleaned!$F$2:$F$5743,"REFUND") -> 0 | O126: =IF(AND(G126="Paid",K126=0),"Paid, no payment",IF(AND(OR(G126="Failed",G126="Cancelled"),K126>0),"Payment on failed/cancelled",IF(K126>1,"Duplicate charge",IF(AND(K126=1,ROUND(L126-I126,2)<>0),"Amount difference",IF(AND(G126="Refunded",M126=0),"Refunded, no refund",IF(AND(G126<>"Refunded",M126>0),"Refund, order not Refunded",IF(AND(M126>0,ROUND(N126-I126,2)<>0),"Refund amount differs","OK"))))))) -> OK | P126: =IF(O126="OK",0,IF(O126="Paid, no payment",I126,IF(O126="Payment on failed/cancelled",L126,IF(OR(O126="Duplicate charge",O126="Amount difference"),L126-I126,IF(O126="Refunded, no refund",I126,N126))))) -> 0
A127: ORD26000126 | B127: 02-09-2026 | C127: CUST84607 | E127: Card | F127: 4999.0 | G127: Paid | H127: =IF(MID(B127,5,1)="-",DATE(LEFT(B127,4),MID(B127,6,2),RIGHT(B127,2)),DATE(RIGHT(B127,4),MID(B127,4,2),LEFT(B127,2))) -> 46267 | I127: =VALUE(SUBSTITUTE(F127,",","")) -> 4999 | J127: =IF(TRIM(D127)="","Unknown",TRIM(D127)) -> Unknown | K127: =COUNTIFS(pg_transaction_cleaned!$O$2:$O$5743,A127,pg_transaction_cleaned!$F$2:$F$5743,"CAPTURE") -> 1 | L127: =SUMIFS(pg_transaction_cleaned!$H$2:$H$5743,pg_transaction_cleaned!$O$2:$O$5743,A127,pg_transaction_cleaned!$F$2:$F$5743,"CAPTURE") -> 4999 | M127: =COUNTIFS(pg_transaction_cleaned!$O$2:$O$5743,A127,pg_transaction_cleaned!$F$2:$F$5743,"REFUND") -> 0 | N127: =SUMIFS(pg_transaction_cleaned!$H$2:$H$5743,pg_transaction_cleaned!$O$2:$O$5743,A127,pg_transaction_cleaned!$F$2:$F$5743,"REFUND") -> 0 | O127: =IF(AND(G127="Paid",K127=0),"Paid, no payment",IF(AND(OR(G127="Failed",G127="Cancelled"),K127>0),"Payment on failed/cancelled",IF(K127>1,"Duplicate charge",IF(AND(K127=1,ROUND(L127-I127,2)<>0),"Amount difference",IF(AND(G127="Refunded",M127=0),"Refunded, no refund",IF(AND(G127<>"Refunded",M127>0),"Refund, order not Refunded",IF(AND(M127>0,ROUND(N127-I127,2)<>0),"Refund amount differs","OK"))))))) -> OK | P127: =IF(O127="OK",0,IF(O127="Paid, no payment",I127,IF(O127="Payment on failed/cancelled",L127,IF(OR(O127="Duplicate charge",O127="Amount difference"),L127-I127,IF(O127="Refunded, no refund",I127,N127))))) -> 0
A128: ORD26000127 | B128: 15-09-2026 | C128: CUST45683 | D128: Jaipur | E128: Card | F128: 1499.0 | G128: Paid | H128: =IF(MID(B128,5,1)="-",DATE(LEFT(B128,4),MID(B128,6,2),RIGHT(B128,2)),DATE(RIGHT(B128,4),MID(B128,4,2),LEFT(B128,2))) -> 46280 | I128: =VALUE(SUBSTITUTE(F128,",","")) -> 1499 | J128: =IF(TRIM(D128)="","Unknown",TRIM(D128)) -> Jaipur | K128: =COUNTIFS(pg_transaction_cleaned!$O$2:$O$5743,A128,pg_transaction_cleaned!$F$2:$F$5743,"CAPTURE") -> 1 | L128: =SUMIFS(pg_transaction_cleaned!$H$2:$H$5743,pg_transaction_cleaned!$O$2:$O$5743,A128,pg_transaction_cleaned!$F$2:$F$5743,"CAPTURE") -> 1499 | M128: =COUNTIFS(pg_transaction_cleaned!$O$2:$O$5743,A128,pg_transaction_cleaned!$F$2:$F$5743,"REFUND") -> 0 | N128: =SUMIFS(pg_transaction_cleaned!$H$2:$H$5743,pg_transaction_cleaned!$O$2:$O$5743,A128,pg_transaction_cleaned!$F$2:$F$5743,"REFUND") -> 0 | O128: =IF(AND(G128="Paid",K128=0),"Paid, no payment",IF(AND(OR(G128="Failed",G128="Cancelled"),K128>0),"Payment on failed/cancelled",IF(K128>1,"Duplicate charge",IF(AND(K128=1,ROUND(L128-I128,2)<>0),"Amount difference",IF(AND(G128="Refunded",M128=0),"Refunded, no refund",IF(AND(G128<>"Refunded",M128>0),"Refund, order not Refunded",IF(AND(M128>0,ROUND(N128-I128,2)<>0),"Refund amount differs","OK"))))))) -> OK | P128: =IF(O128="OK",0,IF(O128="Paid, no payment",I128,IF(O128="Payment on failed/cancelled",L128,IF(OR(O128="Duplicate charge",O128="Amount difference"),L128-I128,IF(O128="Refunded, no refund",I128,N128))))) -> 0
A129: ORD26000128 | B129: 18-09-2026 | C129: CUST52247 | D129: Lucknow | E129: Wallet | F129: 1848.0 | G129: Paid | H129: =IF(MID(B129,5,1)="-",DATE(LEFT(B129,4),MID(B129,6,2),RIGHT(B129,2)),DATE(RIGHT(B129,4),MID(B129,4,2),LEFT(B129,2))) -> 46283 | I129: =VALUE(SUBSTITUTE(F129,",","")) -> 1848 | J129: =IF(TRIM(D129)="","Unknown",TRIM(D129)) -> Lucknow | K129: =COUNTIFS(pg_transaction_cleaned!$O$2:$O$5743,A129,pg_transaction_cleaned!$F$2:$F$5743,"CAPTURE") -> 1 | L129: =SUMIFS(pg_transaction_cleaned!$H$2:$H$5743,pg_transaction_cleaned!$O$2:$O$5743,A129,pg_transaction_cleaned!$F$2:$F$5743,"CAPTURE") -> 1848 | M129: =COUNTIFS(pg_transaction_cleaned!$O$2:$O$5743,A129,pg_transaction_cleaned!$F$2:$F$5743,"REFUND") -> 0 | N129: =SUMIFS(pg_transaction_cleaned!$H$2:$H$5743,pg_transaction_cleaned!$O$2:$O$5743,A129,pg_transaction_cleaned!$F$2:$F$5743,"REFUND") -> 0 | O129: =IF(AND(G129="Paid",K129=0),"Paid, no payment",IF(AND(OR(G129="Failed",G129="Cancelled"),K129>0),"Payment on failed/cancelled",IF(K129>1,"Duplicate charge",IF(AND(K129=1,ROUND(L129-I129,2)<>0),"Amount difference",IF(AND(G129="Refunded",M129=0),"Refunded, no refund",IF(AND(G129<>"Refunded",M129>0),"Refund, order not Refunded",IF(AND(M129>0,ROUND(N129-I129,2)<>0),"Refund amount differs","OK"))))))) -> OK | P129: =IF(O129="OK",0,IF(O129="Paid, no payment",I129,IF(O129="Payment on failed/cancelled",L129,IF(OR(O129="Duplicate charge",O129="Amount difference"),L129-I129,IF(O129="Refunded, no refund",I129,N129))))) -> 0
A130: ORD26000129 | B130: 09-09-2026 | C130: CUST85392 | D130: Lucknow | E130: Card | F130: 349.0 | G130: Paid | H130: =IF(MID(B130,5,1)="-",DATE(LEFT(B130,4),MID(B130,6,2),RIGHT(B130,2)),DATE(RIGHT(B130,4),MID(B130,4,2),LEFT(B130,2))) -> 46274 | I130: =VALUE(SUBSTITUTE(F130,",","")) -> 349 | J130: =IF(TRIM(D130)="","Unknown",TRIM(D130)) -> Lucknow | K130: =COUNTIFS(pg_transaction_cleaned!$O$2:$O$5743,A130,pg_transaction_cleaned!$F$2:$F$5743,"CAPTURE") -> 1 | L130: =SUMIFS(pg_transaction_cleaned!$H$2:$H$5743,pg_transaction_cleaned!$O$2:$O$5743,A130,pg_transaction_cleaned!$F$2:$F$5743,"CAPTURE") -> 349 | M130: =COUNTIFS(pg_transaction_cleaned!$O$2:$O$5743,A130,pg_transaction_cleaned!$F$2:$F$5743,"REFUND") -> 0 | N130: =SUMIFS(pg_transaction_cleaned!$H$2:$H$5743,pg_transaction_cleaned!$O$2:$O$5743,A130,pg_transaction_cleaned!$F$2:$F$5743,"REFUND") -> 0 | O130: =IF(AND(G130="Paid",K130=0),"Paid, no payment",IF(AND(OR(G130="Failed",G130="Cancelled"),K130>0),"Payment on failed/cancelled",IF(K130>1,"Duplicate charge",IF(AND(K130=1,ROUND(L130-I130,2)<>0),"Amount difference",IF(AND(G130="Refunded",M130=0),"Refunded, no refund",IF(AND(G130<>"Refunded",M130>0),"Refund, order not Refunded",IF(AND(M130>0,ROUND(N130-I130,2)<>0),"Refund amount differs","OK"))))))) -> OK | P130: =IF(O130="OK",0,IF(O130="Paid, no payment",I130,IF(O130="Payment on failed/cancelled",L130,IF(OR(O130="Duplicate charge",O130="Amount difference"),L130-I130,IF(O130="Refunded, no refund",I130,N130))))) -> 0
A131: ORD26000130 | B131: 2026-09-01 | C131: CUST71669 | D131: Jaipur | E131: Card | F131: 11297.0 | G131: Paid | H131: =IF(MID(B131,5,1)="-",DATE(LEFT(B131,4),MID(B131,6,2),RIGHT(B131,2)),DATE(RIGHT(B131,4),MID(B131,4,2),LEFT(B131,2))) -> 46266 | I131: =VALUE(SUBSTITUTE(F131,",","")) -> 11297 | J131: =IF(TRIM(D131)="","Unknown",TRIM(D131)) -> Jaipur | K131: =COUNTIFS(pg_transaction_cleaned!$O$2:$O$5743,A131,pg_transaction_cleaned!$F$2:$F$5743,"CAPTURE") -> 1 | L131: =SUMIFS(pg_transaction_cleaned!$H$2:$H$5743,pg_transaction_cleaned!$O$2:$O$5743,A131,pg_transaction_cleaned!$F$2:$F$5743,"CAPTURE") -> 11297 | M131: =COUNTIFS(pg_transaction_cleaned!$O$2:$O$5743,A131,pg_transaction_cleaned!$F$2:$F$5743,"REFUND") -> 0 | N131: =SUMIFS(pg_transaction_cleaned!$H$2:$H$5743,pg_transaction_cleaned!$O$2:$O$5743,A131,pg_transaction_cleaned!$F$2:$F$5743,"REFUND") -> 0 | O131: =IF(AND(G131="Paid",K131=0),"Paid, no payment",IF(AND(OR(G131="Failed",G131="Cancelled"),K131>0),"Payment on failed/cancelled",IF(K131>1,"Duplicate charge",IF(AND(K131=1,ROUND(L131-I131,2)<>0),"Amount difference",IF(AND(G131="Refunded",M131=0),"Refunded, no refund",IF(AND(G131<>"Refunded",M131>0),"Refund, order not Refunded",IF(AND(M131>0,ROUND(N131-I131,2)<>0),"Refund amount differs","OK"))))))) -> OK | P131: =IF(O131="OK",0,IF(O131="Paid, no payment",I131,IF(O131="Payment on failed/cancelled",L131,IF(OR(O131="Duplicate charge",O131="Amount difference"),L131-I131,IF(O131="Refunded, no refund",I131,N131))))) -> 0
A132: ORD26000131 | B132: 21/09/2026 | C132: CUST74451 | D132: Pune | E132: UPI | F132: 1298.0 | G132: Refunded | H132: =IF(MID(B132,5,1)="-",DATE(LEFT(B132,4),MID(B132,6,2),RIGHT(B132,2)),DATE(RIGHT(B132,4),MID(B132,4,2),LEFT(B132,2))) -> 46286 | I132: =VALUE(SUBSTITUTE(F132,",","")) -> 1298 | J132: =IF(TRIM(D132)="","Unknown",TRIM(D132)) -> Pune | K132: =COUNTIFS(pg_transaction_cleaned!$O$2:$O$5743,A132,pg_transaction_cleaned!$F$2:$F$5743,"CAPTURE") -> 1 | L132: =SUMIFS(pg_transaction_cleaned!$H$2:$H$5743,pg_transaction_cleaned!$O$2:$O$5743,A132,pg_transaction_cleaned!$F$2:$F$5743,"CAPTURE") -> 1298 | M132: =COUNTIFS(pg_transaction_cleaned!$O$2:$O$5743,A132,pg_transaction_cleaned!$F$2:$F$5743,"REFUND") -> 1 | N132: =SUMIFS(pg_transaction_cleaned!$H$2:$H$5743,pg_transaction_cleaned!$O$2:$O$5743,A132,pg_transaction_cleaned!$F$2:$F$5743,"REFUND") -> 1298 | O132: =IF(AND(G132="Paid",K132=0),"Paid, no payment",IF(AND(OR(G132="Failed",G132="Cancelled"),K132>0),"Payment on failed/cancelled",IF(K132>1,"Duplicate charge",IF(AND(K132=1,ROUND(L132-I132,2)<>0),"Amount difference",IF(AND(G132="Refunded",M132=0),"Refunded, no refund",IF(AND(G132<>"Refunded",M132>0),"Refund, order not Refunded",IF(AND(M132>0,ROUND(N132-I132,2)<>0),"Refund amount differs","OK"))))))) -> OK | P132: =IF(O132="OK",0,IF(O132="Paid, no payment",I132,IF(O132="Payment on failed/cancelled",L132,IF(OR(O132="Duplicate charge",O132="Amount difference"),L132-I132,IF(O132="Refunded, no refund",I132,N132))))) -> 0
A133: ORD26000132 | B133: 16-09-2026 | C133: CUST31079 | D133: Chennai | E133: Card | F133: 1299.0 | G133: Paid | H133: =IF(MID(B133,5,1)="-",DATE(LEFT(B133,4),MID(B133,6,2),RIGHT(B133,2)),DATE(RIGHT(B133,4),MID(B133,4,2),LEFT(B133,2))) -> 46281 | I133: =VALUE(SUBSTITUTE(F133,",","")) -> 1299 | J133: =IF(TRIM(D133)="","Unknown",TRIM(D133)) -> Chennai | K133: =COUNTIFS(pg_transaction_cleaned!$O$2:$O$5743,A133,pg_transaction_cleaned!$F$2:$F$5743,"CAPTURE") -> 1 | L133: =SUMIFS(pg_transaction_cleaned!$H$2:$H$5743,pg_transaction_cleaned!$O$2:$O$5743,A133,pg_transaction_cleaned!$F$2:$F$5743,"CAPTURE") -> 1299 | M133: =COUNTIFS(pg_transaction_cleaned!$O$2:$O$5743,A133,pg_transaction_cleaned!$F$2:$F$5743,"REFUND") -> 0 | N133: =SUMIFS(pg_transaction_cleaned!$H$2:$H$5743,pg_transaction_cleaned!$O$2:$O$5743,A133,pg_transaction_cleaned!$F$2:$F$5743,"REFUND") -> 0 | O133: =IF(AND(G133="Paid",K133=0),"Paid, no payment",IF(AND(OR(G133="Failed",G133="Cancelled"),K133>0),"Payment on failed/cancelled",IF(K133>1,"Duplicate charge",IF(AND(K133=1,ROUND(L133-I133,2)<>0),"Amount difference",IF(AND(G133="Refunded",M133=0),"Refunded, no refund",IF(AND(G133<>"Refunded",M133>0),"Refund, order not Refunded",IF(AND(M133>0,ROUND(N133-I133,2)<>0),"Refund amount differs","OK"))))))) -> OK | P133: =IF(O133="OK",0,IF(O133="Paid, no payment",I133,IF(O133="Payment on failed/cancelled",L133,IF(OR(O133="Duplicate charge",O133="Amount difference"),L133-I133,IF(O133="Refunded, no refund",I133,N133))))) -> 0
A134: ORD26000133 | B134: 14-09-2026 | C134: CUST82102 | D134: Mumbai | E134: NetBanking | F134: 5297.0 | G134: Cancelled | H134: =IF(MID(B134,5,1)="-",DATE(LEFT(B134,4),MID(B134,6,2),RIGHT(B134,2)),DATE(RIGHT(B134,4),MID(B134,4,2),LEFT(B134,2))) -> 46279 | I134: =VALUE(SUBSTITUTE(F134,",","")) -> 5297 | J134: =IF(TRIM(D134)="","Unknown",TRIM(D134)) -> Mumbai | K134: =COUNTIFS(pg_transaction_cleaned!$O$2:$O$5743,A134,pg_transaction_cleaned!$F$2:$F$5743,"CAPTURE") -> 0 | L134: =SUMIFS(pg_transaction_cleaned!$H$2:$H$5743,pg_transaction_cleaned!$O$2:$O$5743,A134,pg_transaction_cleaned!$F$2:$F$5743,"CAPTURE") -> 0 | M134: =COUNTIFS(pg_transaction_cleaned!$O$2:$O$5743,A134,pg_transaction_cleaned!$F$2:$F$5743,"REFUND") -> 0 | N134: =SUMIFS(pg_transaction_cleaned!$H$2:$H$5743,pg_transaction_cleaned!$O$2:$O$5743,A134,pg_transaction_cleaned!$F$2:$F$5743,"REFUND") -> 0 | O134: =IF(AND(G134="Paid",K134=0),"Paid, no payment",IF(AND(OR(G134="Failed",G134="Cancelled"),K134>0),"Payment on failed/cancelled",IF(K134>1,"Duplicate charge",IF(AND(K134=1,ROUND(L134-I134,2)<>0),"Amount difference",IF(AND(G134="Refunded",M134=0),"Refunded, no refund",IF(AND(G134<>"Refunded",M134>0),"Refund, order not Refunded",IF(AND(M134>0,ROUND(N134-I134,2)<>0),"Refund amount differs","OK"))))))) -> OK | P134: =IF(O134="OK",0,IF(O134="Paid, no payment",I134,IF(O134="Payment on failed/cancelled",L134,IF(OR(O134="Duplicate charge",O134="Amount difference"),L134-I134,IF(O134="Refunded, no refund",I134,N134))))) -> 0
A135: ORD26000134 | B135: 2026-09-15 | C135: CUST62976 | D135: Jaipur | E135: UPI | F135: 999.0 | G135: Paid | H135: =IF(MID(B135,5,1)="-",DATE(LEFT(B135,4),MID(B135,6,2),RIGHT(B135,2)),DATE(RIGHT(B135,4),MID(B135,4,2),LEFT(B135,2))) -> 46280 | I135: =VALUE(SUBSTITUTE(F135,",","")) -> 999 | J135: =IF(TRIM(D135)="","Unknown",TRIM(D135)) -> Jaipur | K135: =COUNTIFS(pg_transaction_cleaned!$O$2:$O$5743,A135,pg_transaction_cleaned!$F$2:$F$5743,"CAPTURE") -> 1 | L135: =SUMIFS(pg_transaction_cleaned!$H$2:$H$5743,pg_transaction_cleaned!$O$2:$O$5743,A135,pg_transaction_cleaned!$F$2:$F$5743,"CAPTURE") -> 999 | M135: =COUNTIFS(pg_transaction_cleaned!$O$2:$O$5743,A135,pg_transaction_cleaned!$F$2:$F$5743,"REFUND") -> 0 | N135: =SUMIFS(pg_transaction_cleaned!$H$2:$H$5743,pg_transaction_cleaned!$O$2:$O$5743,A135,pg_transaction_cleaned!$F$2:$F$5743,"REFUND") -> 0 | O135: =IF(AND(G135="Paid",K135=0),"Paid, no payment",IF(AND(OR(G135="Failed",G135="Cancelled"),K135>0),"Payment on failed/cancelled",IF(K135>1,"Duplicate charge",IF(AND(K135=1,ROUND(L135-I135,2)<>0),"Amount difference",IF(AND(G135="Refunded",M135=0),"Refunded, no refund",IF(AND(G135<>"Refunded",M135>0),"Refund, order not Refunded",IF(AND(M135>0,ROUND(N135-I135,2)<>0),"Refund amount differs","OK"))))))) -> OK | P135: =IF(O135="OK",0,IF(O135="Paid, no payment",I135,IF(O135="Payment on failed/cancelled",L135,IF(OR(O135="Duplicate charge",O135="Amount difference"),L135-I135,IF(O135="Refunded, no refund",I135,N135))))) -> 0
A136: ORD26000135 | B136: 27-09-2026 | C136: CUST17104 | D136: Bengaluru | E136: UPI | F136: 2999.0 | G136: Paid | H136: =IF(MID(B136,5,1)="-",DATE(LEFT(B136,4),MID(B136,6,2),RIGHT(B136,2)),DATE(RIGHT(B136,4),MID(B136,4,2),LEFT(B136,2))) -> 46292 | I136: =VALUE(SUBSTITUTE(F136,",","")) -> 2999 | J136: =IF(TRIM(D136)="","Unknown",TRIM(D136)) -> Bengaluru | K136: =COUNTIFS(pg_transaction_cleaned!$O$2:$O$5743,A136,pg_transaction_cleaned!$F$2:$F$5743,"CAPTURE") -> 1 | L136: =SUMIFS(pg_transaction_cleaned!$H$2:$H$5743,pg_transaction_cleaned!$O$2:$O$5743,A136,pg_transaction_cleaned!$F$2:$F$5743,"CAPTURE") -> 2999 | M136: =COUNTIFS(pg_transaction_cleaned!$O$2:$O$5743,A136,pg_transaction_cleaned!$F$2:$F$5743,"REFUND") -> 0 | N136: =SUMIFS(pg_transaction_cleaned!$H$2:$H$5743,pg_transaction_cleaned!$O$2:$O$5743,A136,pg_transaction_cleaned!$F$2:$F$5743,"REFUND") -> 0 | O136: =IF(AND(G136="Paid",K136=0),"Paid, no payment",IF(AND(OR(G136="Failed",G136="Cancelled"),K136>0),"Payment on failed/cancelled",IF(K136>1,"Duplicate charge",IF(AND(K136=1,ROUND(L136-I136,2)<>0),"Amount difference",IF(AND(G136="Refunded",M136=0),"Refunded, no refund",IF(AND(G136<>"Refunded",M136>0),"Refund, order not Refunded",IF(AND(M136>0,ROUND(N136-I136,2)<>0),"Refund amount differs","OK"))))))) -> OK | P136: =IF(O136="OK",0,IF(O136="Paid, no payment",I136,IF(O136="Payment on failed/cancelled",L136,IF(OR(O136="Duplicate charge",O136="Amount difference"),L136-I136,IF(O136="Refunded, no refund",I136,N136))))) -> 0
A137: ORD26000136 | B137: 17-09-2026 | C137: CUST16764 | D137: Bengaluru | E137: Card | F137: 2499.0 | G137: Paid | H137: =IF(MID(B137,5,1)="-",DATE(LEFT(B137,4),MID(B137,6,2),RIGHT(B137,2)),DATE(RIGHT(B137,4),MID(B137,4,2),LEFT(B137,2))) -> 46282 | I137: =VALUE(SUBSTITUTE(F137,",","")) -> 2499 | J137: =IF(TRIM(D137)="","Unknown",TRIM(D137)) -> Bengaluru | K137: =COUNTIFS(pg_transaction_cleaned!$O$2:$O$5743,A137,pg_transaction_cleaned!$F$2:$F$5743,"CAPTURE") -> 1 | L137: =SUMIFS(pg_transaction_cleaned!$H$2:$H$5743,pg_transaction_cleaned!$O$2:$O$5743,A137,pg_transaction_cleaned!$F$2:$F$5743,"CAPTURE") -> 2499 | M137: =COUNTIFS(pg_transaction_cleaned!$O$2:$O$5743,A137,pg_transaction_cleaned!$F$2:$F$5743,"REFUND") -> 0 | N137: =SUMIFS(pg_transaction_cleaned!$H$2:$H$5743,pg_transaction_cleaned!$O$2:$O$5743,A137,pg_transaction_cleaned!$F$2:$F$5743,"REFUND") -> 0 | O137: =IF(AND(G137="Paid",K137=0),"Paid, no payment",IF(AND(OR(G137="Failed",G137="Cancelled"),K137>0),"Payment on failed/cancelled",IF(K137>1,"Duplicate charge",IF(AND(K137=1,ROUND(L137-I137,2)<>0),"Amount difference",IF(AND(G137="Refunded",M137=0),"Refunded, no refund",IF(AND(G137<>"Refunded",M137>0),"Refund, order not Refunded",IF(AND(M137>0,ROUND(N137-I137,2)<>0),"Refund amount differs","OK"))))))) -> OK | P137: =IF(O137="OK",0,IF(O137="Paid, no payment",I137,IF(O137="Payment on failed/cancelled",L137,IF(OR(O137="Duplicate charge",O137="Amount difference"),L137-I137,IF(O137="Refunded, no refund",I137,N137))))) -> 0
A138: ORD26000137 | B138: 09-09-2026 | C138: CUST25915 | E138: Card | F138: 1298.0 | G138: Paid | H138: =IF(MID(B138,5,1)="-",DATE(LEFT(B138,4),MID(B138,6,2),RIGHT(B138,2)),DATE(RIGHT(B138,4),MID(B138,4,2),LEFT(B138,2))) -> 46274 | I138: =VALUE(SUBSTITUTE(F138,",","")) -> 1298 | J138: =IF(TRIM(D138)="","Unknown",TRIM(D138)) -> Unknown | K138: =COUNTIFS(pg_transaction_cleaned!$O$2:$O$5743,A138,pg_transaction_cleaned!$F$2:$F$5743,"CAPTURE") -> 1 | L138: =SUMIFS(pg_transaction_cleaned!$H$2:$H$5743,pg_transaction_cleaned!$O$2:$O$5743,A138,pg_transaction_cleaned!$F$2:$F$5743,"CAPTURE") -> 1298 | M138: =COUNTIFS(pg_transaction_cleaned!$O$2:$O$5743,A138,pg_transaction_cleaned!$F$2:$F$5743,"REFUND") -> 0 | N138: =SUMIFS(pg_transaction_cleaned!$H$2:$H$5743,pg_transaction_cleaned!$O$2:$O$5743,A138,pg_transaction_cleaned!$F$2:$F$5743,"REFUND") -> 0 | O138: =IF(AND(G138="Paid",K138=0),"Paid, no payment",IF(AND(OR(G138="Failed",G138="Cancelled"),K138>0),"Payment on failed/cancelled",IF(K138>1,"Duplicate charge",IF(AND(K138=1,ROUND(L138-I138,2)<>0),"Amount difference",IF(AND(G138="Refunded",M138=0),"Refunded, no refund",IF(AND(G138<>"Refunded",M138>0),"Refund, order not Refunded",IF(AND(M138>0,ROUND(N138-I138,2)<>0),"Refund amount differs","OK"))))))) -> OK | P138: =IF(O138="OK",0,IF(O138="Paid, no payment",I138,IF(O138="Payment on failed/cancelled",L138,IF(OR(O138="Duplicate charge",O138="Amount difference"),L138-I138,IF(O138="Refunded, no refund",I138,N138))))) -> 0
A139: ORD26000138 | B139: 21-09-2026 | C139: CUST11792 | D139: Jaipur | E139: UPI | F139: 5598.0 | G139: Paid | H139: =IF(MID(B139,5,1)="-",DATE(LEFT(B139,4),MID(B139,6,2),RIGHT(B139,2)),DATE(RIGHT(B139,4),MID(B139,4,2),LEFT(B139,2))) -> 46286 | I139: =VALUE(SUBSTITUTE(F139,",","")) -> 5598 | J139: =IF(TRIM(D139)="","Unknown",TRIM(D139)) -> Jaipur | K139: =COUNTIFS(pg_transaction_cleaned!$O$2:$O$5743,A139,pg_transaction_cleaned!$F$2:$F$5743,"CAPTURE") -> 1 | L139: =SUMIFS(pg_transaction_cleaned!$H$2:$H$5743,pg_transaction_cleaned!$O$2:$O$5743,A139,pg_transaction_cleaned!$F$2:$F$5743,"CAPTURE") -> 5598 | M139: =COUNTIFS(pg_transaction_cleaned!$O$2:$O$5743,A139,pg_transaction_cleaned!$F$2:$F$5743,"REFUND") -> 0 | N139: =SUMIFS(pg_transaction_cleaned!$H$2:$H$5743,pg_transaction_cleaned!$O$2:$O$5743,A139,pg_transaction_cleaned!$F$2:$F$5743,"REFUND") -> 0 | O139: =IF(AND(G139="Paid",K139=0),"Paid, no payment",IF(AND(OR(G139="Failed",G139="Cancelled"),K139>0),"Payment on failed/cancelled",IF(K139>1,"Duplicate charge",IF(AND(K139=1,ROUND(L139-I139,2)<>0),"Amount difference",IF(AND(G139="Refunded",M139=0),"Refunded, no refund",IF(AND(G139<>"Refunded",M139>0),"Refund, order not Refunded",IF(AND(M139>0,ROUND(N139-I139,2)<>0),"Refund amount differs","OK"))))))) -> OK | P139: =IF(O139="OK",0,IF(O139="Paid, no payment",I139,IF(O139="Payment on failed/cancelled",L139,IF(OR(O139="Duplicate charge",O139="Amount difference"),L139-I139,IF(O139="Refunded, no refund",I139,N139))))) -> 0
A140: ORD26000139 | B140: 14/09/2026 | C140: CUST70482 | D140: Pune | E140: Wallet | F140: 599.0 | G140: Refunded | H140: =IF(MID(B140,5,1)="-",DATE(LEFT(B140,4),MID(B140,6,2),RIGHT(B140,2)),DATE(RIGHT(B140,4),MID(B140,4,2),LEFT(B140,2))) -> 46279 | I140: =VALUE(SUBSTITUTE(F140,",","")) -> 599 | J140: =IF(TRIM(D140)="","Unknown",TRIM(D140)) -> Pune | K140: =COUNTIFS(pg_transaction_cleaned!$O$2:$O$5743,A140,pg_transaction_cleaned!$F$2:$F$5743,"CAPTURE") -> 1 | L140: =SUMIFS(pg_transaction_cleaned!$H$2:$H$5743,pg_transaction_cleaned!$O$2:$O$5743,A140,pg_transaction_cleaned!$F$2:$F$5743,"CAPTURE") -> 599 | M140: =COUNTIFS(pg_transaction_cleaned!$O$2:$O$5743,A140,pg_transaction_cleaned!$F$2:$F$5743,"REFUND") -> 1 | N140: =SUMIFS(pg_transaction_cleaned!$H$2:$H$5743,pg_transaction_cleaned!$O$2:$O$5743,A140,pg_transaction_cleaned!$F$2:$F$5743,"REFUND") -> 599 | O140: =IF(AND(G140="Paid",K140=0),"Paid, no payment",IF(AND(OR(G140="Failed",G140="Cancelled"),K140>0),"Payment on failed/cancelled",IF(K140>1,"Duplicate charge",IF(AND(K140=1,ROUND(L140-I140,2)<>0),"Amount difference",IF(AND(G140="Refunded",M140=0),"Refunded, no refund",IF(AND(G140<>"Refunded",M140>0),"Refund, order not Refunded",IF(AND(M140>0,ROUND(N140-I140,2)<>0),"Refund amount differs","OK"))))))) -> OK | P140: =IF(O140="OK",0,IF(O140="Paid, no payment",I140,IF(O140="Payment on failed/cancelled",L140,IF(OR(O140="Duplicate charge",O140="Amount difference"),L140-I140,IF(O140="Refunded, no refund",I140,N140))))) -> 0
A141: ORD26000140 | B141: 21-09-2026 | C141: CUST45838 | D141: Kolkata | E141: UPI | F141: 1499.0 | G141: Cancelled | H141: =IF(MID(B141,5,1)="-",DATE(LEFT(B141,4),MID(B141,6,2),RIGHT(B141,2)),DATE(RIGHT(B141,4),MID(B141,4,2),LEFT(B141,2))) -> 46286 | I141: =VALUE(SUBSTITUTE(F141,",","")) -> 1499 | J141: =IF(TRIM(D141)="","Unknown",TRIM(D141)) -> Kolkata | K141: =COUNTIFS(pg_transaction_cleaned!$O$2:$O$5743,A141,pg_transaction_cleaned!$F$2:$F$5743,"CAPTURE") -> 0 | L141: =SUMIFS(pg_transaction_cleaned!$H$2:$H$5743,pg_transaction_cleaned!$O$2:$O$5743,A141,pg_transaction_cleaned!$F$2:$F$5743,"CAPTURE") -> 0 | M141: =COUNTIFS(pg_transaction_cleaned!$O$2:$O$5743,A141,pg_transaction_cleaned!$F$2:$F$5743,"REFUND") -> 0 | N141: =SUMIFS(pg_transaction_cleaned!$H$2:$H$5743,pg_transaction_cleaned!$O$2:$O$5743,A141,pg_transaction_cleaned!$F$2:$F$5743,"REFUND") -> 0 | O141: =IF(AND(G141="Paid",K141=0),"Paid, no payment",IF(AND(OR(G141="Failed",G141="Cancelled"),K141>0),"Payment on failed/cancelled",IF(K141>1,"Duplicate charge",IF(AND(K141=1,ROUND(L141-I141,2)<>0),"Amount difference",IF(AND(G141="Refunded",M141=0),"Refunded, no refund",IF(AND(G141<>"Refunded",M141>0),"Refund, order not Refunded",IF(AND(M141>0,ROUND(N141-I141,2)<>0),"Refund amount differs","OK"))))))) -> OK | P141: =IF(O141="OK",0,IF(O141="Paid, no payment",I141,IF(O141="Payment on failed/cancelled",L141,IF(OR(O141="Duplicate charge",O141="Amount difference"),L141-I141,IF(O141="Refunded, no refund",I141,N141))))) -> 0
A142: ORD26000141 | B142: 2026-09-27 | C142: CUST34983 | D142: Lucknow | E142: UPI | F142: 2098.0 | G142: Paid | H142: =IF(MID(B142,5,1)="-",DATE(LEFT(B142,4),MID(B142,6,2),RIGHT(B142,2)),DATE(RIGHT(B142,4),MID(B142,4,2),LEFT(B142,2))) -> 46292 | I142: =VALUE(SUBSTITUTE(F142,",","")) -> 2098 | J142: =IF(TRIM(D142)="","Unknown",TRIM(D142)) -> Lucknow | K142: =COUNTIFS(pg_transaction_cleaned!$O$2:$O$5743,A142,pg_transaction_cleaned!$F$2:$F$5743,"CAPTURE") -> 1 | L142: =SUMIFS(pg_transaction_cleaned!$H$2:$H$5743,pg_transaction_cleaned!$O$2:$O$5743,A142,pg_transaction_cleaned!$F$2:$F$5743,"CAPTURE") -> 2098 | M142: =COUNTIFS(pg_transaction_cleaned!$O$2:$O$5743,A142,pg_transaction_cleaned!$F$2:$F$5743,"REFUND") -> 0 | N142: =SUMIFS(pg_transaction_cleaned!$H$2:$H$5743,pg_transaction_cleaned!$O$2:$O$5743,A142,pg_transaction_cleaned!$F$2:$F$5743,"REFUND") -> 0 | O142: =IF(AND(G142="Paid",K142=0),"Paid, no payment",IF(AND(OR(G142="Failed",G142="Cancelled"),K142>0),"Payment on failed/cancelled",IF(K142>1,"Duplicate charge",IF(AND(K142=1,ROUND(L142-I142,2)<>0),"Amount difference",IF(AND(G142="Refunded",M142=0),"Refunded, no refund",IF(AND(G142<>"Refunded",M142>0),"Refund, order not Refunded",IF(AND(M142>0,ROUND(N142-I142,2)<>0),"Refund amount differs","OK"))))))) -> OK | P142: =IF(O142="OK",0,IF(O142="Paid, no payment",I142,IF(O142="Payment on failed/cancelled",L142,IF(OR(O142="Duplicate charge",O142="Amount difference"),L142-I142,IF(O142="Refunded, no refund",I142,N142))))) -> 0
A143: ORD26000142 | B143: 17-09-2026 | C143: CUST64387 | D143: Chennai | E143: Card | F143: 8847.0 | G143: Paid | H143: =IF(MID(B143,5,1)="-",DATE(LEFT(B143,4),MID(B143,6,2),RIGHT(B143,2)),DATE(RIGHT(B143,4),MID(B143,4,2),LEFT(B143,2))) -> 46282 | I143: =VALUE(SUBSTITUTE(F143,",","")) -> 8847 | J143: =IF(TRIM(D143)="","Unknown",TRIM(D143)) -> Chennai | K143: =COUNTIFS(pg_transaction_cleaned!$O$2:$O$5743,A143,pg_transaction_cleaned!$F$2:$F$5743,"CAPTURE") -> 1 | L143: =SUMIFS(pg_transaction_cleaned!$H$2:$H$5743,pg_transaction_cleaned!$O$2:$O$5743,A143,pg_transaction_cleaned!$F$2:$F$5743,"CAPTURE") -> 8847 | M143: =COUNTIFS(pg_transaction_cleaned!$O$2:$O$5743,A143,pg_transaction_cleaned!$F$2:$F$5743,"REFUND") -> 0 | N143: =SUMIFS(pg_transaction_cleaned!$H$2:$H$5743,pg_transaction_cleaned!$O$2:$O$5743,A143,pg_transaction_cleaned!$F$2:$F$5743,"REFUND") -> 0 | O143: =IF(AND(G143="Paid",K143=0),"Paid, no payment",IF(AND(OR(G143="Failed",G143="Cancelled"),K143>0),"Payment on failed/cancelled",IF(K143>1,"Duplicate charge",IF(AND(K143=1,ROUND(L143-I143,2)<>0),"Amount difference",IF(AND(G143="Refunded",M143=0),"Refunded, no refund",IF(AND(G143<>"Refunded",M143>0),"Refund, order not Refunded",IF(AND(M143>0,ROUND(N143-I143,2)<>0),"Refund amount differs","OK"))))))) -> OK | P143: =IF(O143="OK",0,IF(O143="Paid, no payment",I143,IF(O143="Payment on failed/cancelled",L143,IF(OR(O143="Duplicate charge",O143="Amount difference"),L143-I143,IF(O143="Refunded, no refund",I143,N143))))) -> 0
A144: ORD26000143 | B144: 30/09/2026 | C144: CUST86931 | D144: Lucknow | E144: Card | F144: 8798.0 | G144: Paid | H144: =IF(MID(B144,5,1)="-",DATE(LEFT(B144,4),MID(B144,6,2),RIGHT(B144,2)),DATE(RIGHT(B144,4),MID(B144,4,2),LEFT(B144,2))) -> 46295 | I144: =VALUE(SUBSTITUTE(F144,",","")) -> 8798 | J144: =IF(TRIM(D144)="","Unknown",TRIM(D144)) -> Lucknow | K144: =COUNTIFS(pg_transaction_cleaned!$O$2:$O$5743,A144,pg_transaction_cleaned!$F$2:$F$5743,"CAPTURE") -> 1 | L144: =SUMIFS(pg_transaction_cleaned!$H$2:$H$5743,pg_transaction_cleaned!$O$2:$O$5743,A144,pg_transaction_cleaned!$F$2:$F$5743,"CAPTURE") -> 8798 | M144: =COUNTIFS(pg_transaction_cleaned!$O$2:$O$5743,A144,pg_transaction_cleaned!$F$2:$F$5743,"REFUND") -> 0 | N144: =SUMIFS(pg_transaction_cleaned!$H$2:$H$5743,pg_transaction_cleaned!$O$2:$O$5743,A144,pg_transaction_cleaned!$F$2:$F$5743,"REFUND") -> 0 | O144: =IF(AND(G144="Paid",K144=0),"Paid, no payment",IF(AND(OR(G144="Failed",G144="Cancelled"),K144>0),"Payment on failed/cancelled",IF(K144>1,"Duplicate charge",IF(AND(K144=1,ROUND(L144-I144,2)<>0),"Amount difference",IF(AND(G144="Refunded",M144=0),"Refunded, no refund",IF(AND(G144<>"Refunded",M144>0),"Refund, order not Refunded",IF(AND(M144>0,ROUND(N144-I144,2)<>0),"Refund amount differs","OK"))))))) -> OK | P144: =IF(O144="OK",0,IF(O144="Paid, no payment",I144,IF(O144="Payment on failed/cancelled",L144,IF(OR(O144="Duplicate charge",O144="Amount difference"),L144-I144,IF(O144="Refunded, no refund",I144,N144))))) -> 0
A145: ORD26000144 | B145: 2026-09-22 | C145: CUST53573 | D145: Jaipur | E145: UPI | F145: 8498.0 | G145: Paid | H145: =IF(MID(B145,5,1)="-",DATE(LEFT(B145,4),MID(B145,6,2),RIGHT(B145,2)),DATE(RIGHT(B145,4),MID(B145,4,2),LEFT(B145,2))) -> 46287 | I145: =VALUE(SUBSTITUTE(F145,",","")) -> 8498 | J145: =IF(TRIM(D145)="","Unknown",TRIM(D145)) -> Jaipur | K145: =COUNTIFS(pg_transaction_cleaned!$O$2:$O$5743,A145,pg_transaction_cleaned!$F$2:$F$5743,"CAPTURE") -> 1 | L145: =SUMIFS(pg_transaction_cleaned!$H$2:$H$5743,pg_transaction_cleaned!$O$2:$O$5743,A145,pg_transaction_cleaned!$F$2:$F$5743,"CAPTURE") -> 8498 | M145: =COUNTIFS(pg_transaction_cleaned!$O$2:$O$5743,A145,pg_transaction_cleaned!$F$2:$F$5743,"REFUND") -> 0 | N145: =SUMIFS(pg_transaction_cleaned!$H$2:$H$5743,pg_transaction_cleaned!$O$2:$O$5743,A145,pg_transaction_cleaned!$F$2:$F$5743,"REFUND") -> 0 | O145: =IF(AND(G145="Paid",K145=0),"Paid, no payment",IF(AND(OR(G145="Failed",G145="Cancelled"),K145>0),"Payment on failed/cancelled",IF(K145>1,"Duplicate charge",IF(AND(K145=1,ROUND(L145-I145,2)<>0),"Amount difference",IF(AND(G145="Refunded",M145=0),"Refunded, no refund",IF(AND(G145<>"Refunded",M145>0),"Refund, order not Refunded",IF(AND(M145>0,ROUND(N145-I145,2)<>0),"Refund amount differs","OK"))))))) -> OK | P145: =IF(O145="OK",0,IF(O145="Paid, no payment",I145,IF(O145="Payment on failed/cancelled",L145,IF(OR(O145="Duplicate charge",O145="Amount difference"),L145-I145,IF(O145="Refunded, no refund",I145,N145))))) -> 0
A146: ORD26000145 | B146: 25-09-2026 | C146: CUST41300 | D146: Lucknow | E146: NetBanking | F146: 2798.0 | G146: Cancelled | H146: =IF(MID(B146,5,1)="-",DATE(LEFT(B146,4),MID(B146,6,2),RIGHT(B146,2)),DATE(RIGHT(B146,4),MID(B146,4,2),LEFT(B146,2))) -> 46290 | I146: =VALUE(SUBSTITUTE(F146,",","")) -> 2798 | J146: =IF(TRIM(D146)="","Unknown",TRIM(D146)) -> Lucknow | K146: =COUNTIFS(pg_transaction_cleaned!$O$2:$O$5743,A146,pg_transaction_cleaned!$F$2:$F$5743,"CAPTURE") -> 0 | L146: =SUMIFS(pg_transaction_cleaned!$H$2:$H$5743,pg_transaction_cleaned!$O$2:$O$5743,A146,pg_transaction_cleaned!$F$2:$F$5743,"CAPTURE") -> 0 | M146: =COUNTIFS(pg_transaction_cleaned!$O$2:$O$5743,A146,pg_transaction_cleaned!$F$2:$F$5743,"REFUND") -> 0 | N146: =SUMIFS(pg_transaction_cleaned!$H$2:$H$5743,pg_transaction_cleaned!$O$2:$O$5743,A146,pg_transaction_cleaned!$F$2:$F$5743,"REFUND") -> 0 | O146: =IF(AND(G146="Paid",K146=0),"Paid, no payment",IF(AND(OR(G146="Failed",G146="Cancelled"),K146>0),"Payment on failed/cancelled",IF(K146>1,"Duplicate charge",IF(AND(K146=1,ROUND(L146-I146,2)<>0),"Amount difference",IF(AND(G146="Refunded",M146=0),"Refunded, no refund",IF(AND(G146<>"Refunded",M146>0),"Refund, order not Refunded",IF(AND(M146>0,ROUND(N146-I146,2)<>0),"Refund amount differs","OK"))))))) -> OK | P146: =IF(O146="OK",0,IF(O146="Paid, no payment",I146,IF(O146="Payment on failed/cancelled",L146,IF(OR(O146="Duplicate charge",O146="Amount difference"),L146-I146,IF(O146="Refunded, no refund",I146,N146))))) -> 0
A147: ORD26000146 | B147: 2026-09-13 | C147: CUST71993 | D147: Kolkata | E147: UPI | F147: 7999.0 | G147: Paid | H147: =IF(MID(B147,5,1)="-",DATE(LEFT(B147,4),MID(B147,6,2),RIGHT(B147,2)),DATE(RIGHT(B147,4),MID(B147,4,2),LEFT(B147,2))) -> 46278 | I147: =VALUE(SUBSTITUTE(F147,",","")) -> 7999 | J147: =IF(TRIM(D147)="","Unknown",TRIM(D147)) -> Kolkata | K147: =COUNTIFS(pg_transaction_cleaned!$O$2:$O$5743,A147,pg_transaction_cleaned!$F$2:$F$5743,"CAPTURE") -> 1 | L147: =SUMIFS(pg_transaction_cleaned!$H$2:$H$5743,pg_transaction_cleaned!$O$2:$O$5743,A147,pg_transaction_cleaned!$F$2:$F$5743,"CAPTURE") -> 7999 | M147: =COUNTIFS(pg_transaction_cleaned!$O$2:$O$5743,A147,pg_transaction_cleaned!$F$2:$F$5743,"REFUND") -> 0 | N147: =SUMIFS(pg_transaction_cleaned!$H$2:$H$5743,pg_transaction_cleaned!$O$2:$O$5743,A147,pg_transaction_cleaned!$F$2:$F$5743,"REFUND") -> 0 | O147: =IF(AND(G147="Paid",K147=0),"Paid, no payment",IF(AND(OR(G147="Failed",G147="Cancelled"),K147>0),"Payment on failed/cancelled",IF(K147>1,"Duplicate charge",IF(AND(K147=1,ROUND(L147-I147,2)<>0),"Amount difference",IF(AND(G147="Refunded",M147=0),"Refunded, no refund",IF(AND(G147<>"Refunded",M147>0),"Refund, order not Refunded",IF(AND(M147>0,ROUND(N147-I147,2)<>0),"Refund amount differs","OK"))))))) -> OK | P147: =IF(O147="OK",0,IF(O147="Paid, no payment",I147,IF(O147="Payment on failed/cancelled",L147,IF(OR(O147="Duplicate charge",O147="Amount difference"),L147-I147,IF(O147="Refunded, no refund",I147,N147))))) -> 0
A148: ORD26000147 | B148: 13-09-2026 | C148: CUST14852 | D148: Delhi | E148: UPI | F148: 15997.0 | G148: Refunded | H148: =IF(MID(B148,5,1)="-",DATE(LEFT(B148,4),MID(B148,6,2),RIGHT(B148,2)),DATE(RIGHT(B148,4),MID(B148,4,2),LEFT(B148,2))) -> 46278 | I148: =VALUE(SUBSTITUTE(F148,",","")) -> 15997 | J148: =IF(TRIM(D148)="","Unknown",TRIM(D148)) -> Delhi | K148: =COUNTIFS(pg_transaction_cleaned!$O$2:$O$5743,A148,pg_transaction_cleaned!$F$2:$F$5743,"CAPTURE") -> 1 | L148: =SUMIFS(pg_transaction_cleaned!$H$2:$H$5743,pg_transaction_cleaned!$O$2:$O$5743,A148,pg_transaction_cleaned!$F$2:$F$5743,"CAPTURE") -> 15997 | M148: =COUNTIFS(pg_transaction_cleaned!$O$2:$O$5743,A148,pg_transaction_cleaned!$F$2:$F$5743,"REFUND") -> 1 | N148: =SUMIFS(pg_transaction_cleaned!$H$2:$H$5743,pg_transaction_cleaned!$O$2:$O$5743,A148,pg_transaction_cleaned!$F$2:$F$5743,"REFUND") -> 15997 | O148: =IF(AND(G148="Paid",K148=0),"Paid, no payment",IF(AND(OR(G148="Failed",G148="Cancelled"),K148>0),"Payment on failed/cancelled",IF(K148>1,"Duplicate charge",IF(AND(K148=1,ROUND(L148-I148,2)<>0),"Amount difference",IF(AND(G148="Refunded",M148=0),"Refunded, no refund",IF(AND(G148<>"Refunded",M148>0),"Refund, order not Refunded",IF(AND(M148>0,ROUND(N148-I148,2)<>0),"Refund amount differs","OK"))))))) -> OK | P148: =IF(O148="OK",0,IF(O148="Paid, no payment",I148,IF(O148="Payment on failed/cancelled",L148,IF(OR(O148="Duplicate charge",O148="Amount difference"),L148-I148,IF(O148="Refunded, no refund",I148,N148))))) -> 0
A149: ORD26000148 | B149: 17-09-2026 | C149: CUST23069 | E149: NetBanking | F149: 8998.0 | G149: Paid | H149: =IF(MID(B149,5,1)="-",DATE(LEFT(B149,4),MID(B149,6,2),RIGHT(B149,2)),DATE(RIGHT(B149,4),MID(B149,4,2),LEFT(B149,2))) -> 46282 | I149: =VALUE(SUBSTITUTE(F149,",","")) -> 8998 | J149: =IF(TRIM(D149)="","Unknown",TRIM(D149)) -> Unknown | K149: =COUNTIFS(pg_transaction_cleaned!$O$2:$O$5743,A149,pg_transaction_cleaned!$F$2:$F$5743,"CAPTURE") -> 1 | L149: =SUMIFS(pg_transaction_cleaned!$H$2:$H$5743,pg_transaction_cleaned!$O$2:$O$5743,A149,pg_transaction_cleaned!$F$2:$F$5743,"CAPTURE") -> 8998 | M149: =COUNTIFS(pg_transaction_cleaned!$O$2:$O$5743,A149,pg_transaction_cleaned!$F$2:$F$5743,"REFUND") -> 0 | N149: =SUMIFS(pg_transaction_cleaned!$H$2:$H$5743,pg_transaction_cleaned!$O$2:$O$5743,A149,pg_transaction_cleaned!$F$2:$F$5743,"REFUND") -> 0 | O149: =IF(AND(G149="Paid",K149=0),"Paid, no payment",IF(AND(OR(G149="Failed",G149="Cancelled"),K149>0),"Payment on failed/cancelled",IF(K149>1,"Duplicate charge",IF(AND(K149=1,ROUND(L149-I149,2)<>0),"Amount difference",IF(AND(G149="Refunded",M149=0),"Refunded, no refund",IF(AND(G149<>"Refunded",M149>0),"Refund, order not Refunded",IF(AND(M149>0,ROUND(N149-I149,2)<>0),"Refund amount differs","OK"))))))) -> OK | P149: =IF(O149="OK",0,IF(O149="Paid, no payment",I149,IF(O149="Payment on failed/cancelled",L149,IF(OR(O149="Duplicate charge",O149="Amount difference"),L149-I149,IF(O149="Refunded, no refund",I149,N149))))) -> 0
A150: ORD26000149 | B150: 30-09-2026 | C150: CUST30232 | D150: Pune | E150: NetBanking | F150: 3798.0 | G150: Paid | H150: =IF(MID(B150,5,1)="-",DATE(LEFT(B150,4),MID(B150,6,2),RIGHT(B150,2)),DATE(RIGHT(B150,4),MID(B150,4,2),LEFT(B150,2))) -> 46295 | I150: =VALUE(SUBSTITUTE(F150,",","")) -> 3798 | J150: =IF(TRIM(D150)="","Unknown",TRIM(D150)) -> Pune | K150: =COUNTIFS(pg_transaction_cleaned!$O$2:$O$5743,A150,pg_transaction_cleaned!$F$2:$F$5743,"CAPTURE") -> 1 | L150: =SUMIFS(pg_transaction_cleaned!$H$2:$H$5743,pg_transaction_cleaned!$O$2:$O$5743,A150,pg_transaction_cleaned!$F$2:$F$5743,"CAPTURE") -> 3798 | M150: =COUNTIFS(pg_transaction_cleaned!$O$2:$O$5743,A150,pg_transaction_cleaned!$F$2:$F$5743,"REFUND") -> 0 | N150: =SUMIFS(pg_transaction_cleaned!$H$2:$H$5743,pg_transaction_cleaned!$O$2:$O$5743,A150,pg_transaction_cleaned!$F$2:$F$5743,"REFUND") -> 0 | O150: =IF(AND(G150="Paid",K150=0),"Paid, no payment",IF(AND(OR(G150="Failed",G150="Cancelled"),K150>0),"Payment on failed/cancelled",IF(K150>1,"Duplicate charge",IF(AND(K150=1,ROUND(L150-I150,2)<>0),"Amount difference",IF(AND(G150="Refunded",M150=0),"Refunded, no refund",IF(AND(G150<>"Refunded",M150>0),"Refund, order not Refunded",IF(AND(M150>0,ROUND(N150-I150,2)<>0),"Refund amount differs","OK"))))))) -> OK | P150: =IF(O150="OK",0,IF(O150="Paid, no payment",I150,IF(O150="Payment on failed/cancelled",L150,IF(OR(O150="Duplicate charge",O150="Amount difference"),L150-I150,IF(O150="Refunded, no refund",I150,N150))))) -> 0
A151: ORD26000150 | B151: 16-09-2026 | C151: CUST20527 | D151: Chennai | E151: UPI | F151: 999.0 | G151: Paid | H151: =IF(MID(B151,5,1)="-",DATE(LEFT(B151,4),MID(B151,6,2),RIGHT(B151,2)),DATE(RIGHT(B151,4),MID(B151,4,2),LEFT(B151,2))) -> 46281 | I151: =VALUE(SUBSTITUTE(F151,",","")) -> 999 | J151: =IF(TRIM(D151)="","Unknown",TRIM(D151)) -> Chennai | K151: =COUNTIFS(pg_transaction_cleaned!$O$2:$O$5743,A151,pg_transaction_cleaned!$F$2:$F$5743,"CAPTURE") -> 1 | L151: =SUMIFS(pg_transaction_cleaned!$H$2:$H$5743,pg_transaction_cleaned!$O$2:$O$5743,A151,pg_transaction_cleaned!$F$2:$F$5743,"CAPTURE") -> 999 | M151: =COUNTIFS(pg_transaction_cleaned!$O$2:$O$5743,A151,pg_transaction_cleaned!$F$2:$F$5743,"REFUND") -> 0 | N151: =SUMIFS(pg_transaction_cleaned!$H$2:$H$5743,pg_transaction_cleaned!$O$2:$O$5743,A151,pg_transaction_cleaned!$F$2:$F$5743,"REFUND") -> 0 | O151: =IF(AND(G151="Paid",K151=0),"Paid, no payment",IF(AND(OR(G151="Failed",G151="Cancelled"),K151>0),"Payment on failed/cancelled",IF(K151>1,"Duplicate charge",IF(AND(K151=1,ROUND(L151-I151,2)<>0),"Amount difference",IF(AND(G151="Refunded",M151=0),"Refunded, no refund",IF(AND(G151<>"Refunded",M151>0),"Refund, order not Refunded",IF(AND(M151>0,ROUND(N151-I151,2)<>0),"Refund amount differs","OK"))))))) -> OK | P151: =IF(O151="OK",0,IF(O151="Paid, no payment",I151,IF(O151="Payment on failed/cancelled",L151,IF(OR(O151="Duplicate charge",O151="Amount difference"),L151-I151,IF(O151="Refunded, no refund",I151,N151))))) -> 0
A152: ORD26000151 | B152: 28-09-2026 | C152: CUST73956 | D152: Jaipur | E152: Card | F152: 11,097.00 | G152: Cancelled | H152: =IF(MID(B152,5,1)="-",DATE(LEFT(B152,4),MID(B152,6,2),RIGHT(B152,2)),DATE(RIGHT(B152,4),MID(B152,4,2),LEFT(B152,2))) -> 46293 | I152: =VALUE(SUBSTITUTE(F152,",","")) -> 11097 | J152: =IF(TRIM(D152)="","Unknown",TRIM(D152)) -> Jaipur | K152: =COUNTIFS(pg_transaction_cleaned!$O$2:$O$5743,A152,pg_transaction_cleaned!$F$2:$F$5743,"CAPTURE") -> 0 | L152: =SUMIFS(pg_transaction_cleaned!$H$2:$H$5743,pg_transaction_cleaned!$O$2:$O$5743,A152,pg_transaction_cleaned!$F$2:$F$5743,"CAPTURE") -> 0 | M152: =COUNTIFS(pg_transaction_cleaned!$O$2:$O$5743,A152,pg_transaction_cleaned!$F$2:$F$5743,"REFUND") -> 0 | N152: =SUMIFS(pg_transaction_cleaned!$H$2:$H$5743,pg_transaction_cleaned!$O$2:$O$5743,A152,pg_transaction_cleaned!$F$2:$F$5743,"REFUND") -> 0 | O152: =IF(AND(G152="Paid",K152=0),"Paid, no payment",IF(AND(OR(G152="Failed",G152="Cancelled"),K152>0),"Payment on failed/cancelled",IF(K152>1,"Duplicate charge",IF(AND(K152=1,ROUND(L152-I152,2)<>0),"Amount difference",IF(AND(G152="Refunded",M152=0),"Refunded, no refund",IF(AND(G152<>"Refunded",M152>0),"Refund, order not Refunded",IF(AND(M152>0,ROUND(N152-I152,2)<>0),"Refund amount differs","OK"))))))) -> OK | P152: =IF(O152="OK",0,IF(O152="Paid, no payment",I152,IF(O152="Payment on failed/cancelled",L152,IF(OR(O152="Duplicate charge",O152="Amount difference"),L152-I152,IF(O152="Refunded, no refund",I152,N152))))) -> 0
A153: ORD26000152 | B153: 2026-09-02 | C153: CUST39817 | D153: Pune | E153: Wallet | F153: 948.0 | G153: Paid | H153: =IF(MID(B153,5,1)="-",DATE(LEFT(B153,4),MID(B153,6,2),RIGHT(B153,2)),DATE(RIGHT(B153,4),MID(B153,4,2),LEFT(B153,2))) -> 46267 | I153: =VALUE(SUBSTITUTE(F153,",","")) -> 948 | J153: =IF(TRIM(D153)="","Unknown",TRIM(D153)) -> Pune | K153: =COUNTIFS(pg_transaction_cleaned!$O$2:$O$5743,A153,pg_transaction_cleaned!$F$2:$F$5743,"CAPTURE") -> 1 | L153: =SUMIFS(pg_transaction_cleaned!$H$2:$H$5743,pg_transaction_cleaned!$O$2:$O$5743,A153,pg_transaction_cleaned!$F$2:$F$5743,"CAPTURE") -> 948 | M153: =COUNTIFS(pg_transaction_cleaned!$O$2:$O$5743,A153,pg_transaction_cleaned!$F$2:$F$5743,"REFUND") -> 0 | N153: =SUMIFS(pg_transaction_cleaned!$H$2:$H$5743,pg_transaction_cleaned!$O$2:$O$5743,A153,pg_transaction_cleaned!$F$2:$F$5743,"REFUND") -> 0 | O153: =IF(AND(G153="Paid",K153=0),"Paid, no payment",IF(AND(OR(G153="Failed",G153="Cancelled"),K153>0),"Payment on failed/cancelled",IF(K153>1,"Duplicate charge",IF(AND(K153=1,ROUND(L153-I153,2)<>0),"Amount difference",IF(AND(G153="Refunded",M153=0),"Refunded, no refund",IF(AND(G153<>"Refunded",M153>0),"Refund, order not Refunded",IF(AND(M153>0,ROUND(N153-I153,2)<>0),"Refund amount differs","OK"))))))) -> OK | P153: =IF(O153="OK",0,IF(O153="Paid, no payment",I153,IF(O153="Payment on failed/cancelled",L153,IF(OR(O153="Duplicate charge",O153="Amount difference"),L153-I153,IF(O153="Refunded, no refund",I153,N153))))) -> 0
A154: ORD26000153 | B154: 14-09-2026 | C154: CUST68153 | D154: Delhi | E154: NetBanking | F154: 4999.0 | G154: Paid | H154: =IF(MID(B154,5,1)="-",DATE(LEFT(B154,4),MID(B154,6,2),RIGHT(B154,2)),DATE(RIGHT(B154,4),MID(B154,4,2),LEFT(B154,2))) -> 46279 | I154: =VALUE(SUBSTITUTE(F154,",","")) -> 4999 | J154: =IF(TRIM(D154)="","Unknown",TRIM(D154)) -> Delhi | K154: =COUNTIFS(pg_transaction_cleaned!$O$2:$O$5743,A154,pg_transaction_cleaned!$F$2:$F$5743,"CAPTURE") -> 1 | L154: =SUMIFS(pg_transaction_cleaned!$H$2:$H$5743,pg_transaction_cleaned!$O$2:$O$5743,A154,pg_transaction_cleaned!$F$2:$F$5743,"CAPTURE") -> 4999 | M154: =COUNTIFS(pg_transaction_cleaned!$O$2:$O$5743,A154,pg_transaction_cleaned!$F$2:$F$5743,"REFUND") -> 0 | N154: =SUMIFS(pg_transaction_cleaned!$H$2:$H$5743,pg_transaction_cleaned!$O$2:$O$5743,A154,pg_transaction_cleaned!$F$2:$F$5743,"REFUND") -> 0 | O154: =IF(AND(G154="Paid",K154=0),"Paid, no payment",IF(AND(OR(G154="Failed",G154="Cancelled"),K154>0),"Payment on failed/cancelled",IF(K154>1,"Duplicate charge",IF(AND(K154=1,ROUND(L154-I154,2)<>0),"Amount difference",IF(AND(G154="Refunded",M154=0),"Refunded, no refund",IF(AND(G154<>"Refunded",M154>0),"Refund, order not Refunded",IF(AND(M154>0,ROUND(N154-I154,2)<>0),"Refund amount differs","OK"))))))) -> OK | P154: =IF(O154="OK",0,IF(O154="Paid, no payment",I154,IF(O154="Payment on failed/cancelled",L154,IF(OR(O154="Duplicate charge",O154="Amount difference"),L154-I154,IF(O154="Refunded, no refund",I154,N154))))) -> 0
A155: ORD26000154 | B155: 23/09/2026 | C155: CUST48452 | D155: Chennai | E155: Card | F155: 299.0 | G155: Paid | H155: =IF(MID(B155,5,1)="-",DATE(LEFT(B155,4),MID(B155,6,2),RIGHT(B155,2)),DATE(RIGHT(B155,4),MID(B155,4,2),LEFT(B155,2))) -> 46288 | I155: =VALUE(SUBSTITUTE(F155,",","")) -> 299 | J155: =IF(TRIM(D155)="","Unknown",TRIM(D155)) -> Chennai | K155: =COUNTIFS(pg_transaction_cleaned!$O$2:$O$5743,A155,pg_transaction_cleaned!$F$2:$F$5743,"CAPTURE") -> 1 | L155: =SUMIFS(pg_transaction_cleaned!$H$2:$H$5743,pg_transaction_cleaned!$O$2:$O$5743,A155,pg_transaction_cleaned!$F$2:$F$5743,"CAPTURE") -> 299 | M155: =COUNTIFS(pg_transaction_cleaned!$O$2:$O$5743,A155,pg_transaction_cleaned!$F$2:$F$5743,"REFUND") -> 0 | N155: =SUMIFS(pg_transaction_cleaned!$H$2:$H$5743,pg_transaction_cleaned!$O$2:$O$5743,A155,pg_transaction_cleaned!$F$2:$F$5743,"REFUND") -> 0 | O155: =IF(AND(G155="Paid",K155=0),"Paid, no payment",IF(AND(OR(G155="Failed",G155="Cancelled"),K155>0),"Payment on failed/cancelled",IF(K155>1,"Duplicate charge",IF(AND(K155=1,ROUND(L155-I155,2)<>0),"Amount difference",IF(AND(G155="Refunded",M155=0),"Refunded, no refund",IF(AND(G155<>"Refunded",M155>0),"Refund, order not Refunded",IF(AND(M155>0,ROUND(N155-I155,2)<>0),"Refund amount differs","OK"))))))) -> OK | P155: =IF(O155="OK",0,IF(O155="Paid, no payment",I155,IF(O155="Payment on failed/cancelled",L155,IF(OR(O155="Duplicate charge",O155="Amount difference"),L155-I155,IF(O155="Refunded, no refund",I155,N155))))) -> 0
A156: ORD26000155 | B156: 12-09-2026 | C156: CUST33600 | D156: Delhi | E156: Card | F156: 1098.0 | G156: Paid | H156: =IF(MID(B156,5,1)="-",DATE(LEFT(B156,4),MID(B156,6,2),RIGHT(B156,2)),DATE(RIGHT(B156,4),MID(B156,4,2),LEFT(B156,2))) -> 46277 | I156: =VALUE(SUBSTITUTE(F156,",","")) -> 1098 | J156: =IF(TRIM(D156)="","Unknown",TRIM(D156)) -> Delhi | K156: =COUNTIFS(pg_transaction_cleaned!$O$2:$O$5743,A156,pg_transaction_cleaned!$F$2:$F$5743,"CAPTURE") -> 1 | L156: =SUMIFS(pg_transaction_cleaned!$H$2:$H$5743,pg_transaction_cleaned!$O$2:$O$5743,A156,pg_transaction_cleaned!$F$2:$F$5743,"CAPTURE") -> 1098 | M156: =COUNTIFS(pg_transaction_cleaned!$O$2:$O$5743,A156,pg_transaction_cleaned!$F$2:$F$5743,"REFUND") -> 0 | N156: =SUMIFS(pg_transaction_cleaned!$H$2:$H$5743,pg_transaction_cleaned!$O$2:$O$5743,A156,pg_transaction_cleaned!$F$2:$F$5743,"REFUND") -> 0 | O156: =IF(AND(G156="Paid",K156=0),"Paid, no payment",IF(AND(OR(G156="Failed",G156="Cancelled"),K156>0),"Payment on failed/cancelled",IF(K156>1,"Duplicate charge",IF(AND(K156=1,ROUND(L156-I156,2)<>0),"Amount difference",IF(AND(G156="Refunded",M156=0),"Refunded, no refund",IF(AND(G156<>"Refunded",M156>0),"Refund, order not Refunded",IF(AND(M156>0,ROUND(N156-I156,2)<>0),"Refund amount differs","OK"))))))) -> OK | P156: =IF(O156="OK",0,IF(O156="Paid, no payment",I156,IF(O156="Payment on failed/cancelled",L156,IF(OR(O156="Duplicate charge",O156="Amount difference"),L156-I156,IF(O156="Refunded, no refund",I156,N156))))) -> 0
A157: ORD26000156 | B157: 06-09-2026 | C157: CUST41566 | D157: Ahmedabad | E157: Card | F157: 2499.0 | G157: Paid | H157: =IF(MID(B157,5,1)="-",DATE(LEFT(B157,4),MID(B157,6,2),RIGHT(B157,2)),DATE(RIGHT(B157,4),MID(B157,4,2),LEFT(B157,2))) -> 46271 | I157: =VALUE(SUBSTITUTE(F157,",","")) -> 2499 | J157: =IF(TRIM(D157)="","Unknown",TRIM(D157)) -> Ahmedabad | K157: =COUNTIFS(pg_transaction_cleaned!$O$2:$O$5743,A157,pg_transaction_cleaned!$F$2:$F$5743,"CAPTURE") -> 1 | L157: =SUMIFS(pg_transaction_cleaned!$H$2:$H$5743,pg_transaction_cleaned!$O$2:$O$5743,A157,pg_transaction_cleaned!$F$2:$F$5743,"CAPTURE") -> 2499 | M157: =COUNTIFS(pg_transaction_cleaned!$O$2:$O$5743,A157,pg_transaction_cleaned!$F$2:$F$5743,"REFUND") -> 0 | N157: =SUMIFS(pg_transaction_cleaned!$H$2:$H$5743,pg_transaction_cleaned!$O$2:$O$5743,A157,pg_transaction_cleaned!$F$2:$F$5743,"REFUND") -> 0 | O157: =IF(AND(G157="Paid",K157=0),"Paid, no payment",IF(AND(OR(G157="Failed",G157="Cancelled"),K157>0),"Payment on failed/cancelled",IF(K157>1,"Duplicate charge",IF(AND(K157=1,ROUND(L157-I157,2)<>0),"Amount difference",IF(AND(G157="Refunded",M157=0),"Refunded, no refund",IF(AND(G157<>"Refunded",M157>0),"Refund, order not Refunded",IF(AND(M157>0,ROUND(N157-I157,2)<>0),"Refund amount differs","OK"))))))) -> OK | P157: =IF(O157="OK",0,IF(O157="Paid, no payment",I157,IF(O157="Payment on failed/cancelled",L157,IF(OR(O157="Duplicate charge",O157="Amount difference"),L157-I157,IF(O157="Refunded, no refund",I157,N157))))) -> 0
A158: ORD26000157 | B158: 2026-09-30 | C158: CUST43466 | D158: Mumbai | E158: UPI | F158: 1098.0 | G158: Paid | H158: =IF(MID(B158,5,1)="-",DATE(LEFT(B158,4),MID(B158,6,2),RIGHT(B158,2)),DATE(RIGHT(B158,4),MID(B158,4,2),LEFT(B158,2))) -> 46295 | I158: =VALUE(SUBSTITUTE(F158,",","")) -> 1098 | J158: =IF(TRIM(D158)="","Unknown",TRIM(D158)) -> Mumbai | K158: =COUNTIFS(pg_transaction_cleaned!$O$2:$O$5743,A158,pg_transaction_cleaned!$F$2:$F$5743,"CAPTURE") -> 1 | L158: =SUMIFS(pg_transaction_cleaned!$H$2:$H$5743,pg_transaction_cleaned!$O$2:$O$5743,A158,pg_transaction_cleaned!$F$2:$F$5743,"CAPTURE") -> 1098 | M158: =COUNTIFS(pg_transaction_cleaned!$O$2:$O$5743,A158,pg_transaction_cleaned!$F$2:$F$5743,"REFUND") -> 0 | N158: =SUMIFS(pg_transaction_cleaned!$H$2:$H$5743,pg_transaction_cleaned!$O$2:$O$5743,A158,pg_transaction_cleaned!$F$2:$F$5743,"REFUND") -> 0 | O158: =IF(AND(G158="Paid",K158=0),"Paid, no payment",IF(AND(OR(G158="Failed",G158="Cancelled"),K158>0),"Payment on failed/cancelled",IF(K158>1,"Duplicate charge",IF(AND(K158=1,ROUND(L158-I158,2)<>0),"Amount difference",IF(AND(G158="Refunded",M158=0),"Refunded, no refund",IF(AND(G158<>"Refunded",M158>0),"Refund, order not Refunded",IF(AND(M158>0,ROUND(N158-I158,2)<>0),"Refund amount differs","OK"))))))) -> OK | P158: =IF(O158="OK",0,IF(O158="Paid, no payment",I158,IF(O158="Payment on failed/cancelled",L158,IF(OR(O158="Duplicate charge",O158="Amount difference"),L158-I158,IF(O158="Refunded, no refund",I158,N158))))) -> 0
A159: ORD26000158 | B159: 29-09-2026 | C159: CUST55293 | D159: Lucknow | E159: UPI | F159: 3798.0 | G159: Paid | H159: =IF(MID(B159,5,1)="-",DATE(LEFT(B159,4),MID(B159,6,2),RIGHT(B159,2)),DATE(RIGHT(B159,4),MID(B159,4,2),LEFT(B159,2))) -> 46294 | I159: =VALUE(SUBSTITUTE(F159,",","")) -> 3798 | J159: =IF(TRIM(D159)="","Unknown",TRIM(D159)) -> Lucknow | K159: =COUNTIFS(pg_transaction_cleaned!$O$2:$O$5743,A159,pg_transaction_cleaned!$F$2:$F$5743,"CAPTURE") -> 1 | L159: =SUMIFS(pg_transaction_cleaned!$H$2:$H$5743,pg_transaction_cleaned!$O$2:$O$5743,A159,pg_transaction_cleaned!$F$2:$F$5743,"CAPTURE") -> 3798 | M159: =COUNTIFS(pg_transaction_cleaned!$O$2:$O$5743,A159,pg_transaction_cleaned!$F$2:$F$5743,"REFUND") -> 0 | N159: =SUMIFS(pg_transaction_cleaned!$H$2:$H$5743,pg_transaction_cleaned!$O$2:$O$5743,A159,pg_transaction_cleaned!$F$2:$F$5743,"REFUND") -> 0 | O159: =IF(AND(G159="Paid",K159=0),"Paid, no payment",IF(AND(OR(G159="Failed",G159="Cancelled"),K159>0),"Payment on failed/cancelled",IF(K159>1,"Duplicate charge",IF(AND(K159=1,ROUND(L159-I159,2)<>0),"Amount difference",IF(AND(G159="Refunded",M159=0),"Refunded, no refund",IF(AND(G159<>"Refunded",M159>0),"Refund, order not Refunded",IF(AND(M159>0,ROUND(N159-I159,2)<>0),"Refund amount differs","OK"))))))) -> OK | P159: =IF(O159="OK",0,IF(O159="Paid, no payment",I159,IF(O159="Payment on failed/cancelled",L159,IF(OR(O159="Duplicate charge",O159="Amount difference"),L159-I159,IF(O159="Refunded, no refund",I159,N159))))) -> 0
A160: ORD26000159 | B160: 10-09-2026 | C160: CUST60422 | D160: Ahmedabad | E160: UPI | F160: 5597.0 | G160: Paid | H160: =IF(MID(B160,5,1)="-",DATE(LEFT(B160,4),MID(B160,6,2),RIGHT(B160,2)),DATE(RIGHT(B160,4),MID(B160,4,2),LEFT(B160,2))) -> 46275 | I160: =VALUE(SUBSTITUTE(F160,",","")) -> 5597 | J160: =IF(TRIM(D160)="","Unknown",TRIM(D160)) -> Ahmedabad | K160: =COUNTIFS(pg_transaction_cleaned!$O$2:$O$5743,A160,pg_transaction_cleaned!$F$2:$F$5743,"CAPTURE") -> 1 | L160: =SUMIFS(pg_transaction_cleaned!$H$2:$H$5743,pg_transaction_cleaned!$O$2:$O$5743,A160,pg_transaction_cleaned!$F$2:$F$5743,"CAPTURE") -> 5597 | M160: =COUNTIFS(pg_transaction_cleaned!$O$2:$O$5743,A160,pg_transaction_cleaned!$F$2:$F$5743,"REFUND") -> 0 | N160: =SUMIFS(pg_transaction_cleaned!$H$2:$H$5743,pg_transaction_cleaned!$O$2:$O$5743,A160,pg_transaction_cleaned!$F$2:$F$5743,"REFUND") -> 0 | O160: =IF(AND(G160="Paid",K160=0),"Paid, no payment",IF(AND(OR(G160="Failed",G160="Cancelled"),K160>0),"Payment on failed/cancelled",IF(K160>1,"Duplicate charge",IF(AND(K160=1,ROUND(L160-I160,2)<>0),"Amount difference",IF(AND(G160="Refunded",M160=0),"Refunded, no refund",IF(AND(G160<>"Refunded",M160>0),"Refund, order not Refunded",IF(AND(M160>0,ROUND(N160-I160,2)<>0),"Refund amount differs","OK"))))))) -> OK | P160: =IF(O160="OK",0,IF(O160="Paid, no payment",I160,IF(O160="Payment on failed/cancelled",L160,IF(OR(O160="Duplicate charge",O160="Amount difference"),L160-I160,IF(O160="Refunded, no refund",I160,N160))))) -> 0
A161: ORD26000160 | B161: 2026-09-04 | C161: CUST48696 | D161: Mumbai | E161: Card | F161: 1299.0 | G161: Paid | H161: =IF(MID(B161,5,1)="-",DATE(LEFT(B161,4),MID(B161,6,2),RIGHT(B161,2)),DATE(RIGHT(B161,4),MID(B161,4,2),LEFT(B161,2))) -> 46269 | I161: =VALUE(SUBSTITUTE(F161,",","")) -> 1299 | J161: =IF(TRIM(D161)="","Unknown",TRIM(D161)) -> Mumbai | K161: =COUNTIFS(pg_transaction_cleaned!$O$2:$O$5743,A161,pg_transaction_cleaned!$F$2:$F$5743,"CAPTURE") -> 1 | L161: =SUMIFS(pg_transaction_cleaned!$H$2:$H$5743,pg_transaction_cleaned!$O$2:$O$5743,A161,pg_transaction_cleaned!$F$2:$F$5743,"CAPTURE") -> 1299 | M161: =COUNTIFS(pg_transaction_cleaned!$O$2:$O$5743,A161,pg_transaction_cleaned!$F$2:$F$5743,"REFUND") -> 0 | N161: =SUMIFS(pg_transaction_cleaned!$H$2:$H$5743,pg_transaction_cleaned!$O$2:$O$5743,A161,pg_transaction_cleaned!$F$2:$F$5743,"REFUND") -> 0 | O161: =IF(AND(G161="Paid",K161=0),"Paid, no payment",IF(AND(OR(G161="Failed",G161="Cancelled"),K161>0),"Payment on failed/cancelled",IF(K161>1,"Duplicate charge",IF(AND(K161=1,ROUND(L161-I161,2)<>0),"Amount difference",IF(AND(G161="Refunded",M161=0),"Refunded, no refund",IF(AND(G161<>"Refunded",M161>0),"Refund, order not Refunded",IF(AND(M161>0,ROUND(N161-I161,2)<>0),"Refund amount differs","OK"))))))) -> OK | P161: =IF(O161="OK",0,IF(O161="Paid, no payment",I161,IF(O161="Payment on failed/cancelled",L161,IF(OR(O161="Duplicate charge",O161="Amount difference"),L161-I161,IF(O161="Refunded, no refund",I161,N161))))) -> 0
A162: ORD26000161 | B162: 2026-09-27 | C162: CUST16428 | D162: Lucknow | E162: Card | F162: 2397.0 | G162: Paid | H162: =IF(MID(B162,5,1)="-",DATE(LEFT(B162,4),MID(B162,6,2),RIGHT(B162,2)),DATE(RIGHT(B162,4),MID(B162,4,2),LEFT(B162,2))) -> 46292 | I162: =VALUE(SUBSTITUTE(F162,",","")) -> 2397 | J162: =IF(TRIM(D162)="","Unknown",TRIM(D162)) -> Lucknow | K162: =COUNTIFS(pg_transaction_cleaned!$O$2:$O$5743,A162,pg_transaction_cleaned!$F$2:$F$5743,"CAPTURE") -> 1 | L162: =SUMIFS(pg_transaction_cleaned!$H$2:$H$5743,pg_transaction_cleaned!$O$2:$O$5743,A162,pg_transaction_cleaned!$F$2:$F$5743,"CAPTURE") -> 2397 | M162: =COUNTIFS(pg_transaction_cleaned!$O$2:$O$5743,A162,pg_transaction_cleaned!$F$2:$F$5743,"REFUND") -> 0 | N162: =SUMIFS(pg_transaction_cleaned!$H$2:$H$5743,pg_transaction_cleaned!$O$2:$O$5743,A162,pg_transaction_cleaned!$F$2:$F$5743,"REFUND") -> 0 | O162: =IF(AND(G162="Paid",K162=0),"Paid, no payment",IF(AND(OR(G162="Failed",G162="Cancelled"),K162>0),"Payment on failed/cancelled",IF(K162>1,"Duplicate charge",IF(AND(K162=1,ROUND(L162-I162,2)<>0),"Amount difference",IF(AND(G162="Refunded",M162=0),"Refunded, no refund",IF(AND(G162<>"Refunded",M162>0),"Refund, order not Refunded",IF(AND(M162>0,ROUND(N162-I162,2)<>0),"Refund amount differs","OK"))))))) -> OK | P162: =IF(O162="OK",0,IF(O162="Paid, no payment",I162,IF(O162="Payment on failed/cancelled",L162,IF(OR(O162="Duplicate charge",O162="Amount difference"),L162-I162,IF(O162="Refunded, no refund",I162,N162))))) -> 0
A163: ORD26000162 | B163: 2026-09-24 | C163: CUST56179 | E163: UPI | F163: 8,798.00 | G163: Paid | H163: =IF(MID(B163,5,1)="-",DATE(LEFT(B163,4),MID(B163,6,2),RIGHT(B163,2)),DATE(RIGHT(B163,4),MID(B163,4,2),LEFT(B163,2))) -> 46289 | I163: =VALUE(SUBSTITUTE(F163,",","")) -> 8798 | J163: =IF(TRIM(D163)="","Unknown",TRIM(D163)) -> Unknown | K163: =COUNTIFS(pg_transaction_cleaned!$O$2:$O$5743,A163,pg_transaction_cleaned!$F$2:$F$5743,"CAPTURE") -> 1 | L163: =SUMIFS(pg_transaction_cleaned!$H$2:$H$5743,pg_transaction_cleaned!$O$2:$O$5743,A163,pg_transaction_cleaned!$F$2:$F$5743,"CAPTURE") -> 8798 | M163: =COUNTIFS(pg_transaction_cleaned!$O$2:$O$5743,A163,pg_transaction_cleaned!$F$2:$F$5743,"REFUND") -> 0 | N163: =SUMIFS(pg_transaction_cleaned!$H$2:$H$5743,pg_transaction_cleaned!$O$2:$O$5743,A163,pg_transaction_cleaned!$F$2:$F$5743,"REFUND") -> 0 | O163: =IF(AND(G163="Paid",K163=0),"Paid, no payment",IF(AND(OR(G163="Failed",G163="Cancelled"),K163>0),"Payment on failed/cancelled",IF(K163>1,"Duplicate charge",IF(AND(K163=1,ROUND(L163-I163,2)<>0),"Amount difference",IF(AND(G163="Refunded",M163=0),"Refunded, no refund",IF(AND(G163<>"Refunded",M163>0),"Refund, order not Refunded",IF(AND(M163>0,ROUND(N163-I163,2)<>0),"Refund amount differs","OK"))))))) -> OK | P163: =IF(O163="OK",0,IF(O163="Paid, no payment",I163,IF(O163="Payment on failed/cancelled",L163,IF(OR(O163="Duplicate charge",O163="Amount difference"),L163-I163,IF(O163="Refunded, no refund",I163,N163))))) -> 0
A164: ORD26000163 | B164: 21-09-2026 | C164: CUST96400 | D164: Delhi | E164: Card | F164: 2499.0 | G164: Paid | H164: =IF(MID(B164,5,1)="-",DATE(LEFT(B164,4),MID(B164,6,2),RIGHT(B164,2)),DATE(RIGHT(B164,4),MID(B164,4,2),LEFT(B164,2))) -> 46286 | I164: =VALUE(SUBSTITUTE(F164,",","")) -> 2499 | J164: =IF(TRIM(D164)="","Unknown",TRIM(D164)) -> Delhi | K164: =COUNTIFS(pg_transaction_cleaned!$O$2:$O$5743,A164,pg_transaction_cleaned!$F$2:$F$5743,"CAPTURE") -> 1 | L164: =SUMIFS(pg_transaction_cleaned!$H$2:$H$5743,pg_transaction_cleaned!$O$2:$O$5743,A164,pg_transaction_cleaned!$F$2:$F$5743,"CAPTURE") -> 2499 | M164: =COUNTIFS(pg_transaction_cleaned!$O$2:$O$5743,A164,pg_transaction_cleaned!$F$2:$F$5743,"REFUND") -> 0 | N164: =SUMIFS(pg_transaction_cleaned!$H$2:$H$5743,pg_transaction_cleaned!$O$2:$O$5743,A164,pg_transaction_cleaned!$F$2:$F$5743,"REFUND") -> 0 | O164: =IF(AND(G164="Paid",K164=0),"Paid, no payment",IF(AND(OR(G164="Failed",G164="Cancelled"),K164>0),"Payment on failed/cancelled",IF(K164>1,"Duplicate charge",IF(AND(K164=1,ROUND(L164-I164,2)<>0),"Amount difference",IF(AND(G164="Refunded",M164=0),"Refunded, no refund",IF(AND(G164<>"Refunded",M164>0),"Refund, order not Refunded",IF(AND(M164>0,ROUND(N164-I164,2)<>0),"Refund amount differs","OK"))))))) -> OK | P164: =IF(O164="OK",0,IF(O164="Paid, no payment",I164,IF(O164="Payment on failed/cancelled",L164,IF(OR(O164="Duplicate charge",O164="Amount difference"),L164-I164,IF(O164="Refunded, no refund",I164,N164))))) -> 0
A165: ORD26000164 | B165: 2026-09-21 | C165: CUST67779 | D165: Mumbai | E165: UPI | F165: 2999.0 | G165: Paid | H165: =IF(MID(B165,5,1)="-",DATE(LEFT(B165,4),MID(B165,6,2),RIGHT(B165,2)),DATE(RIGHT(B165,4),MID(B165,4,2),LEFT(B165,2))) -> 46286 | I165: =VALUE(SUBSTITUTE(F165,",","")) -> 2999 | J165: =IF(TRIM(D165)="","Unknown",TRIM(D165)) -> Mumbai | K165: =COUNTIFS(pg_transaction_cleaned!$O$2:$O$5743,A165,pg_transaction_cleaned!$F$2:$F$5743,"CAPTURE") -> 1 | L165: =SUMIFS(pg_transaction_cleaned!$H$2:$H$5743,pg_transaction_cleaned!$O$2:$O$5743,A165,pg_transaction_cleaned!$F$2:$F$5743,"CAPTURE") -> 2999 | M165: =COUNTIFS(pg_transaction_cleaned!$O$2:$O$5743,A165,pg_transaction_cleaned!$F$2:$F$5743,"REFUND") -> 0 | N165: =SUMIFS(pg_transaction_cleaned!$H$2:$H$5743,pg_transaction_cleaned!$O$2:$O$5743,A165,pg_transaction_cleaned!$F$2:$F$5743,"REFUND") -> 0 | O165: =IF(AND(G165="Paid",K165=0),"Paid, no payment",IF(AND(OR(G165="Failed",G165="Cancelled"),K165>0),"Payment on failed/cancelled",IF(K165>1,"Duplicate charge",IF(AND(K165=1,ROUND(L165-I165,2)<>0),"Amount difference",IF(AND(G165="Refunded",M165=0),"Refunded, no refund",IF(AND(G165<>"Refunded",M165>0),"Refund, order not Refunded",IF(AND(M165>0,ROUND(N165-I165,2)<>0),"Refund amount differs","OK"))))))) -> OK | P165: =IF(O165="OK",0,IF(O165="Paid, no payment",I165,IF(O165="Payment on failed/cancelled",L165,IF(OR(O165="Duplicate charge",O165="Amount difference"),L165-I165,IF(O165="Refunded, no refund",I165,N165))))) -> 0
A166: ORD26000165 | B166: 19/09/2026 | C166: CUST52823 | D166: Kolkata | E166: Wallet | F166: 3499.0 | G166: Paid | H166: =IF(MID(B166,5,1)="-",DATE(LEFT(B166,4),MID(B166,6,2),RIGHT(B166,2)),DATE(RIGHT(B166,4),MID(B166,4,2),LEFT(B166,2))) -> 46284 | I166: =VALUE(SUBSTITUTE(F166,",","")) -> 3499 | J166: =IF(TRIM(D166)="","Unknown",TRIM(D166)) -> Kolkata | K166: =COUNTIFS(pg_transaction_cleaned!$O$2:$O$5743,A166,pg_transaction_cleaned!$F$2:$F$5743,"CAPTURE") -> 1 | L166: =SUMIFS(pg_transaction_cleaned!$H$2:$H$5743,pg_transaction_cleaned!$O$2:$O$5743,A166,pg_transaction_cleaned!$F$2:$F$5743,"CAPTURE") -> 3499 | M166: =COUNTIFS(pg_transaction_cleaned!$O$2:$O$5743,A166,pg_transaction_cleaned!$F$2:$F$5743,"REFUND") -> 0 | N166: =SUMIFS(pg_transaction_cleaned!$H$2:$H$5743,pg_transaction_cleaned!$O$2:$O$5743,A166,pg_transaction_cleaned!$F$2:$F$5743,"REFUND") -> 0 | O166: =IF(AND(G166="Paid",K166=0),"Paid, no payment",IF(AND(OR(G166="Failed",G166="Cancelled"),K166>0),"Payment on failed/cancelled",IF(K166>1,"Duplicate charge",IF(AND(K166=1,ROUND(L166-I166,2)<>0),"Amount difference",IF(AND(G166="Refunded",M166=0),"Refunded, no refund",IF(AND(G166<>"Refunded",M166>0),"Refund, order not Refunded",IF(AND(M166>0,ROUND(N166-I166,2)<>0),"Refund amount differs","OK"))))))) -> OK | P166: =IF(O166="OK",0,IF(O166="Paid, no payment",I166,IF(O166="Payment on failed/cancelled",L166,IF(OR(O166="Duplicate charge",O166="Amount difference"),L166-I166,IF(O166="Refunded, no refund",I166,N166))))) -> 0
A167: ORD26000166 | B167: 06-09-2026 | C167: CUST57953 | D167: Jaipur | E167: NetBanking | F167: 499.0 | G167: Paid | H167: =IF(MID(B167,5,1)="-",DATE(LEFT(B167,4),MID(B167,6,2),RIGHT(B167,2)),DATE(RIGHT(B167,4),MID(B167,4,2),LEFT(B167,2))) -> 46271 | I167: =VALUE(SUBSTITUTE(F167,",","")) -> 499 | J167: =IF(TRIM(D167)="","Unknown",TRIM(D167)) -> Jaipur | K167: =COUNTIFS(pg_transaction_cleaned!$O$2:$O$5743,A167,pg_transaction_cleaned!$F$2:$F$5743,"CAPTURE") -> 1 | L167: =SUMIFS(pg_transaction_cleaned!$H$2:$H$5743,pg_transaction_cleaned!$O$2:$O$5743,A167,pg_transaction_cleaned!$F$2:$F$5743,"CAPTURE") -> 499 | M167: =COUNTIFS(pg_transaction_cleaned!$O$2:$O$5743,A167,pg_transaction_cleaned!$F$2:$F$5743,"REFUND") -> 0 | N167: =SUMIFS(pg_transaction_cleaned!$H$2:$H$5743,pg_transaction_cleaned!$O$2:$O$5743,A167,pg_transaction_cleaned!$F$2:$F$5743,"REFUND") -> 0 | O167: =IF(AND(G167="Paid",K167=0),"Paid, no payment",IF(AND(OR(G167="Failed",G167="Cancelled"),K167>0),"Payment on failed/cancelled",IF(K167>1,"Duplicate charge",IF(AND(K167=1,ROUND(L167-I167,2)<>0),"Amount difference",IF(AND(G167="Refunded",M167=0),"Refunded, no refund",IF(AND(G167<>"Refunded",M167>0),"Refund, order not Refunded",IF(AND(M167>0,ROUND(N167-I167,2)<>0),"Refund amount differs","OK"))))))) -> OK | P167: =IF(O167="OK",0,IF(O167="Paid, no payment",I167,IF(O167="Payment on failed/cancelled",L167,IF(OR(O167="Duplicate charge",O167="Amount difference"),L167-I167,IF(O167="Refunded, no refund",I167,N167))))) -> 0
A168: ORD26000167 | B168: 17-09-2026 | C168: CUST73156 | D168: Hyderabad | E168: Wallet | F168: 7999.0 | G168: Paid | H168: =IF(MID(B168,5,1)="-",DATE(LEFT(B168,4),MID(B168,6,2),RIGHT(B168,2)),DATE(RIGHT(B168,4),MID(B168,4,2),LEFT(B168,2))) -> 46282 | I168: =VALUE(SUBSTITUTE(F168,",","")) -> 7999 | J168: =IF(TRIM(D168)="","Unknown",TRIM(D168)) -> Hyderabad | K168: =COUNTIFS(pg_transaction_cleaned!$O$2:$O$5743,A168,pg_transaction_cleaned!$F$2:$F$5743,"CAPTURE") -> 1 | L168: =SUMIFS(pg_transaction_cleaned!$H$2:$H$5743,pg_transaction_cleaned!$O$2:$O$5743,A168,pg_transaction_cleaned!$F$2:$F$5743,"CAPTURE") -> 7999 | M168: =COUNTIFS(pg_transaction_cleaned!$O$2:$O$5743,A168,pg_transaction_cleaned!$F$2:$F$5743,"REFUND") -> 0 | N168: =SUMIFS(pg_transaction_cleaned!$H$2:$H$5743,pg_transaction_cleaned!$O$2:$O$5743,A168,pg_transaction_cleaned!$F$2:$F$5743,"REFUND") -> 0 | O168: =IF(AND(G168="Paid",K168=0),"Paid, no payment",IF(AND(OR(G168="Failed",G168="Cancelled"),K168>0),"Payment on failed/cancelled",IF(K168>1,"Duplicate charge",IF(AND(K168=1,ROUND(L168-I168,2)<>0),"Amount difference",IF(AND(G168="Refunded",M168=0),"Refunded, no refund",IF(AND(G168<>"Refunded",M168>0),"Refund, order not Refunded",IF(AND(M168>0,ROUND(N168-I168,2)<>0),"Refund amount differs","OK"))))))) -> OK | P168: =IF(O168="OK",0,IF(O168="Paid, no payment",I168,IF(O168="Payment on failed/cancelled",L168,IF(OR(O168="Duplicate charge",O168="Amount difference"),L168-I168,IF(O168="Refunded, no refund",I168,N168))))) -> 0
A169: ORD26000168 | B169: 2026-09-24 | C169: CUST28449 | D169: Bengaluru | E169: Wallet | F169: 4999.0 | G169: Paid | H169: =IF(MID(B169,5,1)="-",DATE(LEFT(B169,4),MID(B169,6,2),RIGHT(B169,2)),DATE(RIGHT(B169,4),MID(B169,4,2),LEFT(B169,2))) -> 46289 | I169: =VALUE(SUBSTITUTE(F169,",","")) -> 4999 | J169: =IF(TRIM(D169)="","Unknown",TRIM(D169)) -> Bengaluru | K169: =COUNTIFS(pg_transaction_cleaned!$O$2:$O$5743,A169,pg_transaction_cleaned!$F$2:$F$5743,"CAPTURE") -> 1 | L169: =SUMIFS(pg_transaction_cleaned!$H$2:$H$5743,pg_transaction_cleaned!$O$2:$O$5743,A169,pg_transaction_cleaned!$F$2:$F$5743,"CAPTURE") -> 4999 | M169: =COUNTIFS(pg_transaction_cleaned!$O$2:$O$5743,A169,pg_transaction_cleaned!$F$2:$F$5743,"REFUND") -> 0 | N169: =SUMIFS(pg_transaction_cleaned!$H$2:$H$5743,pg_transaction_cleaned!$O$2:$O$5743,A169,pg_transaction_cleaned!$F$2:$F$5743,"REFUND") -> 0 | O169: =IF(AND(G169="Paid",K169=0),"Paid, no payment",IF(AND(OR(G169="Failed",G169="Cancelled"),K169>0),"Payment on failed/cancelled",IF(K169>1,"Duplicate charge",IF(AND(K169=1,ROUND(L169-I169,2)<>0),"Amount difference",IF(AND(G169="Refunded",M169=0),"Refunded, no refund",IF(AND(G169<>"Refunded",M169>0),"Refund, order not Refunded",IF(AND(M169>0,ROUND(N169-I169,2)<>0),"Refund amount differs","OK"))))))) -> OK | P169: =IF(O169="OK",0,IF(O169="Paid, no payment",I169,IF(O169="Payment on failed/cancelled",L169,IF(OR(O169="Duplicate charge",O169="Amount difference"),L169-I169,IF(O169="Refunded, no refund",I169,N169))))) -> 0
A170: ORD26000169 | B170: 28-09-2026 | C170: CUST57942 | D170: Pune | E170: NetBanking | F170: 7797.0 | G170: Refunded | H170: =IF(MID(B170,5,1)="-",DATE(LEFT(B170,4),MID(B170,6,2),RIGHT(B170,2)),DATE(RIGHT(B170,4),MID(B170,4,2),LEFT(B170,2))) -> 46293 | I170: =VALUE(SUBSTITUTE(F170,",","")) -> 7797 | J170: =IF(TRIM(D170)="","Unknown",TRIM(D170)) -> Pune | K170: =COUNTIFS(pg_transaction_cleaned!$O$2:$O$5743,A170,pg_transaction_cleaned!$F$2:$F$5743,"CAPTURE") -> 1 | L170: =SUMIFS(pg_transaction_cleaned!$H$2:$H$5743,pg_transaction_cleaned!$O$2:$O$5743,A170,pg_transaction_cleaned!$F$2:$F$5743,"CAPTURE") -> 7797 | M170: =COUNTIFS(pg_transaction_cleaned!$O$2:$O$5743,A170,pg_transaction_cleaned!$F$2:$F$5743,"REFUND") -> 1 | N170: =SUMIFS(pg_transaction_cleaned!$H$2:$H$5743,pg_transaction_cleaned!$O$2:$O$5743,A170,pg_transaction_cleaned!$F$2:$F$5743,"REFUND") -> 7797 | O170: =IF(AND(G170="Paid",K170=0),"Paid, no payment",IF(AND(OR(G170="Failed",G170="Cancelled"),K170>0),"Payment on failed/cancelled",IF(K170>1,"Duplicate charge",IF(AND(K170=1,ROUND(L170-I170,2)<>0),"Amount difference",IF(AND(G170="Refunded",M170=0),"Refunded, no refund",IF(AND(G170<>"Refunded",M170>0),"Refund, order not Refunded",IF(AND(M170>0,ROUND(N170-I170,2)<>0),"Refund amount differs","OK"))))))) -> OK | P170: =IF(O170="OK",0,IF(O170="Paid, no payment",I170,IF(O170="Payment on failed/cancelled",L170,IF(OR(O170="Duplicate charge",O170="Amount difference"),L170-I170,IF(O170="Refunded, no refund",I170,N170))))) -> 0
A171: ORD26000170 | B171: 26-09-2026 | C171: CUST98188 | E171: UPI | F171: 1098.0 | G171: Paid | H171: =IF(MID(B171,5,1)="-",DATE(LEFT(B171,4),MID(B171,6,2),RIGHT(B171,2)),DATE(RIGHT(B171,4),MID(B171,4,2),LEFT(B171,2))) -> 46291 | I171: =VALUE(SUBSTITUTE(F171,",","")) -> 1098 | J171: =IF(TRIM(D171)="","Unknown",TRIM(D171)) -> Unknown | K171: =COUNTIFS(pg_transaction_cleaned!$O$2:$O$5743,A171,pg_transaction_cleaned!$F$2:$F$5743,"CAPTURE") -> 1 | L171: =SUMIFS(pg_transaction_cleaned!$H$2:$H$5743,pg_transaction_cleaned!$O$2:$O$5743,A171,pg_transaction_cleaned!$F$2:$F$5743,"CAPTURE") -> 1098 | M171: =COUNTIFS(pg_transaction_cleaned!$O$2:$O$5743,A171,pg_transaction_cleaned!$F$2:$F$5743,"REFUND") -> 0 | N171: =SUMIFS(pg_transaction_cleaned!$H$2:$H$5743,pg_transaction_cleaned!$O$2:$O$5743,A171,pg_transaction_cleaned!$F$2:$F$5743,"REFUND") -> 0 | O171: =IF(AND(G171="Paid",K171=0),"Paid, no payment",IF(AND(OR(G171="Failed",G171="Cancelled"),K171>0),"Payment on failed/cancelled",IF(K171>1,"Duplicate charge",IF(AND(K171=1,ROUND(L171-I171,2)<>0),"Amount difference",IF(AND(G171="Refunded",M171=0),"Refunded, no refund",IF(AND(G171<>"Refunded",M171>0),"Refund, order not Refunded",IF(AND(M171>0,ROUND(N171-I171,2)<>0),"Refund amount differs","OK"))))))) -> OK | P171: =IF(O171="OK",0,IF(O171="Paid, no payment",I171,IF(O171="Payment on failed/cancelled",L171,IF(OR(O171="Duplicate charge",O171="Amount difference"),L171-I171,IF(O171="Refunded, no refund",I171,N171))))) -> 0
A172: ORD26000171 | B172: 19-09-2026 | C172: CUST40647 | D172: Ahmedabad | E172: UPI | F172: 10998.0 | G172: Cancelled | H172: =IF(MID(B172,5,1)="-",DATE(LEFT(B172,4),MID(B172,6,2),RIGHT(B172,2)),DATE(RIGHT(B172,4),MID(B172,4,2),LEFT(B172,2))) -> 46284 | I172: =VALUE(SUBSTITUTE(F172,",","")) -> 10998 | J172: =IF(TRIM(D172)="","Unknown",TRIM(D172)) -> Ahmedabad | K172: =COUNTIFS(pg_transaction_cleaned!$O$2:$O$5743,A172,pg_transaction_cleaned!$F$2:$F$5743,"CAPTURE") -> 0 | L172: =SUMIFS(pg_transaction_cleaned!$H$2:$H$5743,pg_transaction_cleaned!$O$2:$O$5743,A172,pg_transaction_cleaned!$F$2:$F$5743,"CAPTURE") -> 0 | M172: =COUNTIFS(pg_transaction_cleaned!$O$2:$O$5743,A172,pg_transaction_cleaned!$F$2:$F$5743,"REFUND") -> 0 | N172: =SUMIFS(pg_transaction_cleaned!$H$2:$H$5743,pg_transaction_cleaned!$O$2:$O$5743,A172,pg_transaction_cleaned!$F$2:$F$5743,"REFUND") -> 0 | O172: =IF(AND(G172="Paid",K172=0),"Paid, no payment",IF(AND(OR(G172="Failed",G172="Cancelled"),K172>0),"Payment on failed/cancelled",IF(K172>1,"Duplicate charge",IF(AND(K172=1,ROUND(L172-I172,2)<>0),"Amount difference",IF(AND(G172="Refunded",M172=0),"Refunded, no refund",IF(AND(G172<>"Refunded",M172>0),"Refund, order not Refunded",IF(AND(M172>0,ROUND(N172-I172,2)<>0),"Refund amount differs","OK"))))))) -> OK | P172: =IF(O172="OK",0,IF(O172="Paid, no payment",I172,IF(O172="Payment on failed/cancelled",L172,IF(OR(O172="Duplicate charge",O172="Amount difference"),L172-I172,IF(O172="Refunded, no refund",I172,N172))))) -> 0
A173: ORD26000172 | B173: 01-09-2026 | C173: CUST18285 | D173: Ahmedabad | E173: UPI | F173: 2798.0 | G173: Failed | H173: =IF(MID(B173,5,1)="-",DATE(LEFT(B173,4),MID(B173,6,2),RIGHT(B173,2)),DATE(RIGHT(B173,4),MID(B173,4,2),LEFT(B173,2))) -> 46266 | I173: =VALUE(SUBSTITUTE(F173,",","")) -> 2798 | J173: =IF(TRIM(D173)="","Unknown",TRIM(D173)) -> Ahmedabad | K173: =COUNTIFS(pg_transaction_cleaned!$O$2:$O$5743,A173,pg_transaction_cleaned!$F$2:$F$5743,"CAPTURE") -> 0 | L173: =SUMIFS(pg_transaction_cleaned!$H$2:$H$5743,pg_transaction_cleaned!$O$2:$O$5743,A173,pg_transaction_cleaned!$F$2:$F$5743,"CAPTURE") -> 0 | M173: =COUNTIFS(pg_transaction_cleaned!$O$2:$O$5743,A173,pg_transaction_cleaned!$F$2:$F$5743,"REFUND") -> 0 | N173: =SUMIFS(pg_transaction_cleaned!$H$2:$H$5743,pg_transaction_cleaned!$O$2:$O$5743,A173,pg_transaction_cleaned!$F$2:$F$5743,"REFUND") -> 0 | O173: =IF(AND(G173="Paid",K173=0),"Paid, no payment",IF(AND(OR(G173="Failed",G173="Cancelled"),K173>0),"Payment on failed/cancelled",IF(K173>1,"Duplicate charge",IF(AND(K173=1,ROUND(L173-I173,2)<>0),"Amount difference",IF(AND(G173="Refunded",M173=0),"Refunded, no refund",IF(AND(G173<>"Refunded",M173>0),"Refund, order not Refunded",IF(AND(M173>0,ROUND(N173-I173,2)<>0),"Refund amount differs","OK"))))))) -> OK | P173: =IF(O173="OK",0,IF(O173="Paid, no payment",I173,IF(O173="Payment on failed/cancelled",L173,IF(OR(O173="Duplicate charge",O173="Amount difference"),L173-I173,IF(O173="Refunded, no refund",I173,N173))))) -> 0
A174: ORD26000173 | B174: 30-09-2026 | C174: CUST14877 | D174: Hyderabad | E174: UPI | F174: 5097.0 | G174: Paid | H174: =IF(MID(B174,5,1)="-",DATE(LEFT(B174,4),MID(B174,6,2),RIGHT(B174,2)),DATE(RIGHT(B174,4),MID(B174,4,2),LEFT(B174,2))) -> 46295 | I174: =VALUE(SUBSTITUTE(F174,",","")) -> 5097 | J174: =IF(TRIM(D174)="","Unknown",TRIM(D174)) -> Hyderabad | K174: =COUNTIFS(pg_transaction_cleaned!$O$2:$O$5743,A174,pg_transaction_cleaned!$F$2:$F$5743,"CAPTURE") -> 1 | L174: =SUMIFS(pg_transaction_cleaned!$H$2:$H$5743,pg_transaction_cleaned!$O$2:$O$5743,A174,pg_transaction_cleaned!$F$2:$F$5743,"CAPTURE") -> 5097 | M174: =COUNTIFS(pg_transaction_cleaned!$O$2:$O$5743,A174,pg_transaction_cleaned!$F$2:$F$5743,"REFUND") -> 0 | N174: =SUMIFS(pg_transaction_cleaned!$H$2:$H$5743,pg_transaction_cleaned!$O$2:$O$5743,A174,pg_transaction_cleaned!$F$2:$F$5743,"REFUND") -> 0 | O174: =IF(AND(G174="Paid",K174=0),"Paid, no payment",IF(AND(OR(G174="Failed",G174="Cancelled"),K174>0),"Payment on failed/cancelled",IF(K174>1,"Duplicate charge",IF(AND(K174=1,ROUND(L174-I174,2)<>0),"Amount difference",IF(AND(G174="Refunded",M174=0),"Refunded, no refund",IF(AND(G174<>"Refunded",M174>0),"Refund, order not Refunded",IF(AND(M174>0,ROUND(N174-I174,2)<>0),"Refund amount differs","OK"))))))) -> OK | P174: =IF(O174="OK",0,IF(O174="Paid, no payment",I174,IF(O174="Payment on failed/cancelled",L174,IF(OR(O174="Duplicate charge",O174="Amount difference"),L174-I174,IF(O174="Refunded, no refund",I174,N174))))) -> 0
A175: ORD26000174 | B175: 2026-09-16 | C175: CUST60940 | D175: Ahmedabad | E175: UPI | F175: 349.0 | G175: Paid | H175: =IF(MID(B175,5,1)="-",DATE(LEFT(B175,4),MID(B175,6,2),RIGHT(B175,2)),DATE(RIGHT(B175,4),MID(B175,4,2),LEFT(B175,2))) -> 46281 | I175: =VALUE(SUBSTITUTE(F175,",","")) -> 349 | J175: =IF(TRIM(D175)="","Unknown",TRIM(D175)) -> Ahmedabad | K175: =COUNTIFS(pg_transaction_cleaned!$O$2:$O$5743,A175,pg_transaction_cleaned!$F$2:$F$5743,"CAPTURE") -> 1 | L175: =SUMIFS(pg_transaction_cleaned!$H$2:$H$5743,pg_transaction_cleaned!$O$2:$O$5743,A175,pg_transaction_cleaned!$F$2:$F$5743,"CAPTURE") -> 349 | M175: =COUNTIFS(pg_transaction_cleaned!$O$2:$O$5743,A175,pg_transaction_cleaned!$F$2:$F$5743,"REFUND") -> 0 | N175: =SUMIFS(pg_transaction_cleaned!$H$2:$H$5743,pg_transaction_cleaned!$O$2:$O$5743,A175,pg_transaction_cleaned!$F$2:$F$5743,"REFUND") -> 0 | O175: =IF(AND(G175="Paid",K175=0),"Paid, no payment",IF(AND(OR(G175="Failed",G175="Cancelled"),K175>0),"Payment on failed/cancelled",IF(K175>1,"Duplicate charge",IF(AND(K175=1,ROUND(L175-I175,2)<>0),"Amount difference",IF(AND(G175="Refunded",M175=0),"Refunded, no refund",IF(AND(G175<>"Refunded",M175>0),"Refund, order not Refunded",IF(AND(M175>0,ROUND(N175-I175,2)<>0),"Refund amount differs","OK"))))))) -> OK | P175: =IF(O175="OK",0,IF(O175="Paid, no payment",I175,IF(O175="Payment on failed/cancelled",L175,IF(OR(O175="Duplicate charge",O175="Amount difference"),L175-I175,IF(O175="Refunded, no refund",I175,N175))))) -> 0
A176: ORD26000175 | B176: 12-09-2026 | C176: CUST30253 | D176: Kolkata | E176: Card | F176: 8797.0 | G176: Paid | H176: =IF(MID(B176,5,1)="-",DATE(LEFT(B176,4),MID(B176,6,2),RIGHT(B176,2)),DATE(RIGHT(B176,4),MID(B176,4,2),LEFT(B176,2))) -> 46277 | I176: =VALUE(SUBSTITUTE(F176,",","")) -> 8797 | J176: =IF(TRIM(D176)="","Unknown",TRIM(D176)) -> Kolkata | K176: =COUNTIFS(pg_transaction_cleaned!$O$2:$O$5743,A176,pg_transaction_cleaned!$F$2:$F$5743,"CAPTURE") -> 1 | L176: =SUMIFS(pg_transaction_cleaned!$H$2:$H$5743,pg_transaction_cleaned!$O$2:$O$5743,A176,pg_transaction_cleaned!$F$2:$F$5743,"CAPTURE") -> 8797 | M176: =COUNTIFS(pg_transaction_cleaned!$O$2:$O$5743,A176,pg_transaction_cleaned!$F$2:$F$5743,"REFUND") -> 0 | N176: =SUMIFS(pg_transaction_cleaned!$H$2:$H$5743,pg_transaction_cleaned!$O$2:$O$5743,A176,pg_transaction_cleaned!$F$2:$F$5743,"REFUND") -> 0 | O176: =IF(AND(G176="Paid",K176=0),"Paid, no payment",IF(AND(OR(G176="Failed",G176="Cancelled"),K176>0),"Payment on failed/cancelled",IF(K176>1,"Duplicate charge",IF(AND(K176=1,ROUND(L176-I176,2)<>0),"Amount difference",IF(AND(G176="Refunded",M176=0),"Refunded, no refund",IF(AND(G176<>"Refunded",M176>0),"Refund, order not Refunded",IF(AND(M176>0,ROUND(N176-I176,2)<>0),"Refund amount differs","OK"))))))) -> OK | P176: =IF(O176="OK",0,IF(O176="Paid, no payment",I176,IF(O176="Payment on failed/cancelled",L176,IF(OR(O176="Duplicate charge",O176="Amount difference"),L176-I176,IF(O176="Refunded, no refund",I176,N176))))) -> 0
A177: ORD26000176 | B177: 21-09-2026 | C177: CUST46666 | D177: Mumbai | E177: UPI | F177: 7999.0 | G177: Paid | H177: =IF(MID(B177,5,1)="-",DATE(LEFT(B177,4),MID(B177,6,2),RIGHT(B177,2)),DATE(RIGHT(B177,4),MID(B177,4,2),LEFT(B177,2))) -> 46286 | I177: =VALUE(SUBSTITUTE(F177,",","")) -> 7999 | J177: =IF(TRIM(D177)="","Unknown",TRIM(D177)) -> Mumbai | K177: =COUNTIFS(pg_transaction_cleaned!$O$2:$O$5743,A177,pg_transaction_cleaned!$F$2:$F$5743,"CAPTURE") -> 1 | L177: =SUMIFS(pg_transaction_cleaned!$H$2:$H$5743,pg_transaction_cleaned!$O$2:$O$5743,A177,pg_transaction_cleaned!$F$2:$F$5743,"CAPTURE") -> 7999 | M177: =COUNTIFS(pg_transaction_cleaned!$O$2:$O$5743,A177,pg_transaction_cleaned!$F$2:$F$5743,"REFUND") -> 0 | N177: =SUMIFS(pg_transaction_cleaned!$H$2:$H$5743,pg_transaction_cleaned!$O$2:$O$5743,A177,pg_transaction_cleaned!$F$2:$F$5743,"REFUND") -> 0 | O177: =IF(AND(G177="Paid",K177=0),"Paid, no payment",IF(AND(OR(G177="Failed",G177="Cancelled"),K177>0),"Payment on failed/cancelled",IF(K177>1,"Duplicate charge",IF(AND(K177=1,ROUND(L177-I177,2)<>0),"Amount difference",IF(AND(G177="Refunded",M177=0),"Refunded, no refund",IF(AND(G177<>"Refunded",M177>0),"Refund, order not Refunded",IF(AND(M177>0,ROUND(N177-I177,2)<>0),"Refund amount differs","OK"))))))) -> OK | P177: =IF(O177="OK",0,IF(O177="Paid, no payment",I177,IF(O177="Payment on failed/cancelled",L177,IF(OR(O177="Duplicate charge",O177="Amount difference"),L177-I177,IF(O177="Refunded, no refund",I177,N177))))) -> 0
A178: ORD26000177 | B178: 2026-09-23 | C178: CUST57537 | D178: Pune | E178: Wallet | F178: 599.0 | G178: Paid | H178: =IF(MID(B178,5,1)="-",DATE(LEFT(B178,4),MID(B178,6,2),RIGHT(B178,2)),DATE(RIGHT(B178,4),MID(B178,4,2),LEFT(B178,2))) -> 46288 | I178: =VALUE(SUBSTITUTE(F178,",","")) -> 599 | J178: =IF(TRIM(D178)="","Unknown",TRIM(D178)) -> Pune | K178: =COUNTIFS(pg_transaction_cleaned!$O$2:$O$5743,A178,pg_transaction_cleaned!$F$2:$F$5743,"CAPTURE") -> 1 | L178: =SUMIFS(pg_transaction_cleaned!$H$2:$H$5743,pg_transaction_cleaned!$O$2:$O$5743,A178,pg_transaction_cleaned!$F$2:$F$5743,"CAPTURE") -> 599 | M178: =COUNTIFS(pg_transaction_cleaned!$O$2:$O$5743,A178,pg_transaction_cleaned!$F$2:$F$5743,"REFUND") -> 0 | N178: =SUMIFS(pg_transaction_cleaned!$H$2:$H$5743,pg_transaction_cleaned!$O$2:$O$5743,A178,pg_transaction_cleaned!$F$2:$F$5743,"REFUND") -> 0 | O178: =IF(AND(G178="Paid",K178=0),"Paid, no payment",IF(AND(OR(G178="Failed",G178="Cancelled"),K178>0),"Payment on failed/cancelled",IF(K178>1,"Duplicate charge",IF(AND(K178=1,ROUND(L178-I178,2)<>0),"Amount difference",IF(AND(G178="Refunded",M178=0),"Refunded, no refund",IF(AND(G178<>"Refunded",M178>0),"Refund, order not Refunded",IF(AND(M178>0,ROUND(N178-I178,2)<>0),"Refund amount differs","OK"))))))) -> OK | P178: =IF(O178="OK",0,IF(O178="Paid, no payment",I178,IF(O178="Payment on failed/cancelled",L178,IF(OR(O178="Duplicate charge",O178="Amount difference"),L178-I178,IF(O178="Refunded, no refund",I178,N178))))) -> 0
A179: ORD26000178 | B179: 22-09-2026 | C179: CUST17936 | D179: Kolkata | E179: Card | F179: 1799.0 | G179: Failed | H179: =IF(MID(B179,5,1)="-",DATE(LEFT(B179,4),MID(B179,6,2),RIGHT(B179,2)),DATE(RIGHT(B179,4),MID(B179,4,2),LEFT(B179,2))) -> 46287 | I179: =VALUE(SUBSTITUTE(F179,",","")) -> 1799 | J179: =IF(TRIM(D179)="","Unknown",TRIM(D179)) -> Kolkata | K179: =COUNTIFS(pg_transaction_cleaned!$O$2:$O$5743,A179,pg_transaction_cleaned!$F$2:$F$5743,"CAPTURE") -> 0 | L179: =SUMIFS(pg_transaction_cleaned!$H$2:$H$5743,pg_transaction_cleaned!$O$2:$O$5743,A179,pg_transaction_cleaned!$F$2:$F$5743,"CAPTURE") -> 0 | M179: =COUNTIFS(pg_transaction_cleaned!$O$2:$O$5743,A179,pg_transaction_cleaned!$F$2:$F$5743,"REFUND") -> 0 | N179: =SUMIFS(pg_transaction_cleaned!$H$2:$H$5743,pg_transaction_cleaned!$O$2:$O$5743,A179,pg_transaction_cleaned!$F$2:$F$5743,"REFUND") -> 0 | O179: =IF(AND(G179="Paid",K179=0),"Paid, no payment",IF(AND(OR(G179="Failed",G179="Cancelled"),K179>0),"Payment on failed/cancelled",IF(K179>1,"Duplicate charge",IF(AND(K179=1,ROUND(L179-I179,2)<>0),"Amount difference",IF(AND(G179="Refunded",M179=0),"Refunded, no refund",IF(AND(G179<>"Refunded",M179>0),"Refund, order not Refunded",IF(AND(M179>0,ROUND(N179-I179,2)<>0),"Refund amount differs","OK"))))))) -> OK | P179: =IF(O179="OK",0,IF(O179="Paid, no payment",I179,IF(O179="Payment on failed/cancelled",L179,IF(OR(O179="Duplicate charge",O179="Amount difference"),L179-I179,IF(O179="Refunded, no refund",I179,N179))))) -> 0
A180: ORD26000179 | B180: 2026-09-09 | C180: CUST22015 | D180: Bengaluru | E180: NetBanking | F180: 349.0 | G180: Cancelled | H180: =IF(MID(B180,5,1)="-",DATE(LEFT(B180,4),MID(B180,6,2),RIGHT(B180,2)),DATE(RIGHT(B180,4),MID(B180,4,2),LEFT(B180,2))) -> 46274 | I180: =VALUE(SUBSTITUTE(F180,",","")) -> 349 | J180: =IF(TRIM(D180)="","Unknown",TRIM(D180)) -> Bengaluru | K180: =COUNTIFS(pg_transaction_cleaned!$O$2:$O$5743,A180,pg_transaction_cleaned!$F$2:$F$5743,"CAPTURE") -> 0 | L180: =SUMIFS(pg_transaction_cleaned!$H$2:$H$5743,pg_transaction_cleaned!$O$2:$O$5743,A180,pg_transaction_cleaned!$F$2:$F$5743,"CAPTURE") -> 0 | M180: =COUNTIFS(pg_transaction_cleaned!$O$2:$O$5743,A180,pg_transaction_cleaned!$F$2:$F$5743,"REFUND") -> 0 | N180: =SUMIFS(pg_transaction_cleaned!$H$2:$H$5743,pg_transaction_cleaned!$O$2:$O$5743,A180,pg_transaction_cleaned!$F$2:$F$5743,"REFUND") -> 0 | O180: =IF(AND(G180="Paid",K180=0),"Paid, no payment",IF(AND(OR(G180="Failed",G180="Cancelled"),K180>0),"Payment on failed/cancelled",IF(K180>1,"Duplicate charge",IF(AND(K180=1,ROUND(L180-I180,2)<>0),"Amount difference",IF(AND(G180="Refunded",M180=0),"Refunded, no refund",IF(AND(G180<>"Refunded",M180>0),"Refund, order not Refunded",IF(AND(M180>0,ROUND(N180-I180,2)<>0),"Refund amount differs","OK"))))))) -> OK | P180: =IF(O180="OK",0,IF(O180="Paid, no payment",I180,IF(O180="Payment on failed/cancelled",L180,IF(OR(O180="Duplicate charge",O180="Amount difference"),L180-I180,IF(O180="Refunded, no refund",I180,N180))))) -> 0
A181: ORD26000180 | B181: 2026-09-21 | C181: CUST26505 | E181: UPI | F181: 3097.0 | G181: Paid | H181: =IF(MID(B181,5,1)="-",DATE(LEFT(B181,4),MID(B181,6,2),RIGHT(B181,2)),DATE(RIGHT(B181,4),MID(B181,4,2),LEFT(B181,2))) -> 46286 | I181: =VALUE(SUBSTITUTE(F181,",","")) -> 3097 | J181: =IF(TRIM(D181)="","Unknown",TRIM(D181)) -> Unknown | K181: =COUNTIFS(pg_transaction_cleaned!$O$2:$O$5743,A181,pg_transaction_cleaned!$F$2:$F$5743,"CAPTURE") -> 1 | L181: =SUMIFS(pg_transaction_cleaned!$H$2:$H$5743,pg_transaction_cleaned!$O$2:$O$5743,A181,pg_transaction_cleaned!$F$2:$F$5743,"CAPTURE") -> 3097 | M181: =COUNTIFS(pg_transaction_cleaned!$O$2:$O$5743,A181,pg_transaction_cleaned!$F$2:$F$5743,"REFUND") -> 0 | N181: =SUMIFS(pg_transaction_cleaned!$H$2:$H$5743,pg_transaction_cleaned!$O$2:$O$5743,A181,pg_transaction_cleaned!$F$2:$F$5743,"REFUND") -> 0 | O181: =IF(AND(G181="Paid",K181=0),"Paid, no payment",IF(AND(OR(G181="Failed",G181="Cancelled"),K181>0),"Payment on failed/cancelled",IF(K181>1,"Duplicate charge",IF(AND(K181=1,ROUND(L181-I181,2)<>0),"Amount difference",IF(AND(G181="Refunded",M181=0),"Refunded, no refund",IF(AND(G181<>"Refunded",M181>0),"Refund, order not Refunded",IF(AND(M181>0,ROUND(N181-I181,2)<>0),"Refund amount differs","OK"))))))) -> OK | P181: =IF(O181="OK",0,IF(O181="Paid, no payment",I181,IF(O181="Payment on failed/cancelled",L181,IF(OR(O181="Duplicate charge",O181="Amount difference"),L181-I181,IF(O181="Refunded, no refund",I181,N181))))) -> 0
A182: ORD26000181 | B182: 2026-09-07 | C182: CUST38305 | D182: Bengaluru | E182: UPI | F182: 7999.0 | G182: Paid | H182: =IF(MID(B182,5,1)="-",DATE(LEFT(B182,4),MID(B182,6,2),RIGHT(B182,2)),DATE(RIGHT(B182,4),MID(B182,4,2),LEFT(B182,2))) -> 46272 | I182: =VALUE(SUBSTITUTE(F182,",","")) -> 7999 | J182: =IF(TRIM(D182)="","Unknown",TRIM(D182)) -> Bengaluru | K182: =COUNTIFS(pg_transaction_cleaned!$O$2:$O$5743,A182,pg_transaction_cleaned!$F$2:$F$5743,"CAPTURE") -> 1 | L182: =SUMIFS(pg_transaction_cleaned!$H$2:$H$5743,pg_transaction_cleaned!$O$2:$O$5743,A182,pg_transaction_cleaned!$F$2:$F$5743,"CAPTURE") -> 7999 | M182: =COUNTIFS(pg_transaction_cleaned!$O$2:$O$5743,A182,pg_transaction_cleaned!$F$2:$F$5743,"REFUND") -> 0 | N182: =SUMIFS(pg_transaction_cleaned!$H$2:$H$5743,pg_transaction_cleaned!$O$2:$O$5743,A182,pg_transaction_cleaned!$F$2:$F$5743,"REFUND") -> 0 | O182: =IF(AND(G182="Paid",K182=0),"Paid, no payment",IF(AND(OR(G182="Failed",G182="Cancelled"),K182>0),"Payment on failed/cancelled",IF(K182>1,"Duplicate charge",IF(AND(K182=1,ROUND(L182-I182,2)<>0),"Amount difference",IF(AND(G182="Refunded",M182=0),"Refunded, no refund",IF(AND(G182<>"Refunded",M182>0),"Refund, order not Refunded",IF(AND(M182>0,ROUND(N182-I182,2)<>0),"Refund amount differs","OK"))))))) -> OK | P182: =IF(O182="OK",0,IF(O182="Paid, no payment",I182,IF(O182="Payment on failed/cancelled",L182,IF(OR(O182="Duplicate charge",O182="Amount difference"),L182-I182,IF(O182="Refunded, no refund",I182,N182))))) -> 0
A183: ORD26000182 | B183: 11-09-2026 | C183: CUST28964 | D183: Delhi | E183: UPI | F183: 4999.0 | G183: Failed | H183: =IF(MID(B183,5,1)="-",DATE(LEFT(B183,4),MID(B183,6,2),RIGHT(B183,2)),DATE(RIGHT(B183,4),MID(B183,4,2),LEFT(B183,2))) -> 46276 | I183: =VALUE(SUBSTITUTE(F183,",","")) -> 4999 | J183: =IF(TRIM(D183)="","Unknown",TRIM(D183)) -> Delhi | K183: =COUNTIFS(pg_transaction_cleaned!$O$2:$O$5743,A183,pg_transaction_cleaned!$F$2:$F$5743,"CAPTURE") -> 0 | L183: =SUMIFS(pg_transaction_cleaned!$H$2:$H$5743,pg_transaction_cleaned!$O$2:$O$5743,A183,pg_transaction_cleaned!$F$2:$F$5743,"CAPTURE") -> 0 | M183: =COUNTIFS(pg_transaction_cleaned!$O$2:$O$5743,A183,pg_transaction_cleaned!$F$2:$F$5743,"REFUND") -> 0 | N183: =SUMIFS(pg_transaction_cleaned!$H$2:$H$5743,pg_transaction_cleaned!$O$2:$O$5743,A183,pg_transaction_cleaned!$F$2:$F$5743,"REFUND") -> 0 | O183: =IF(AND(G183="Paid",K183=0),"Paid, no payment",IF(AND(OR(G183="Failed",G183="Cancelled"),K183>0),"Payment on failed/cancelled",IF(K183>1,"Duplicate charge",IF(AND(K183=1,ROUND(L183-I183,2)<>0),"Amount difference",IF(AND(G183="Refunded",M183=0),"Refunded, no refund",IF(AND(G183<>"Refunded",M183>0),"Refund, order not Refunded",IF(AND(M183>0,ROUND(N183-I183,2)<>0),"Refund amount differs","OK"))))))) -> OK | P183: =IF(O183="OK",0,IF(O183="Paid, no payment",I183,IF(O183="Payment on failed/cancelled",L183,IF(OR(O183="Duplicate charge",O183="Amount difference"),L183-I183,IF(O183="Refunded, no refund",I183,N183))))) -> 0
A184: ORD26000183 | B184: 18-09-2026 | C184: CUST13379 | D184: Delhi | E184: Card | F184: 4999.0 | G184: Paid | H184: =IF(MID(B184,5,1)="-",DATE(LEFT(B184,4),MID(B184,6,2),RIGHT(B184,2)),DATE(RIGHT(B184,4),MID(B184,4,2),LEFT(B184,2))) -> 46283 | I184: =VALUE(SUBSTITUTE(F184,",","")) -> 4999 | J184: =IF(TRIM(D184)="","Unknown",TRIM(D184)) -> Delhi | K184: =COUNTIFS(pg_transaction_cleaned!$O$2:$O$5743,A184,pg_transaction_cleaned!$F$2:$F$5743,"CAPTURE") -> 1 | L184: =SUMIFS(pg_transaction_cleaned!$H$2:$H$5743,pg_transaction_cleaned!$O$2:$O$5743,A184,pg_transaction_cleaned!$F$2:$F$5743,"CAPTURE") -> 4999 | M184: =COUNTIFS(pg_transaction_cleaned!$O$2:$O$5743,A184,pg_transaction_cleaned!$F$2:$F$5743,"REFUND") -> 0 | N184: =SUMIFS(pg_transaction_cleaned!$H$2:$H$5743,pg_transaction_cleaned!$O$2:$O$5743,A184,pg_transaction_cleaned!$F$2:$F$5743,"REFUND") -> 0 | O184: =IF(AND(G184="Paid",K184=0),"Paid, no payment",IF(AND(OR(G184="Failed",G184="Cancelled"),K184>0),"Payment on failed/cancelled",IF(K184>1,"Duplicate charge",IF(AND(K184=1,ROUND(L184-I184,2)<>0),"Amount difference",IF(AND(G184="Refunded",M184=0),"Refunded, no refund",IF(AND(G184<>"Refunded",M184>0),"Refund, order not Refunded",IF(AND(M184>0,ROUND(N184-I184,2)<>0),"Refund amount differs","OK"))))))) -> OK | P184: =IF(O184="OK",0,IF(O184="Paid, no payment",I184,IF(O184="Payment on failed/cancelled",L184,IF(OR(O184="Duplicate charge",O184="Amount difference"),L184-I184,IF(O184="Refunded, no refund",I184,N184))))) -> 0
A185: ORD26000184 | B185: 01-09-2026 | C185: CUST12068 | D185: Delhi | E185: Card | F185: 4999.0 | G185: Paid | H185: =IF(MID(B185,5,1)="-",DATE(LEFT(B185,4),MID(B185,6,2),RIGHT(B185,2)),DATE(RIGHT(B185,4),MID(B185,4,2),LEFT(B185,2))) -> 46266 | I185: =VALUE(SUBSTITUTE(F185,",","")) -> 4999 | J185: =IF(TRIM(D185)="","Unknown",TRIM(D185)) -> Delhi | K185: =COUNTIFS(pg_transaction_cleaned!$O$2:$O$5743,A185,pg_transaction_cleaned!$F$2:$F$5743,"CAPTURE") -> 1 | L185: =SUMIFS(pg_transaction_cleaned!$H$2:$H$5743,pg_transaction_cleaned!$O$2:$O$5743,A185,pg_transaction_cleaned!$F$2:$F$5743,"CAPTURE") -> 4999 | M185: =COUNTIFS(pg_transaction_cleaned!$O$2:$O$5743,A185,pg_transaction_cleaned!$F$2:$F$5743,"REFUND") -> 0 | N185: =SUMIFS(pg_transaction_cleaned!$H$2:$H$5743,pg_transaction_cleaned!$O$2:$O$5743,A185,pg_transaction_cleaned!$F$2:$F$5743,"REFUND") -> 0 | O185: =IF(AND(G185="Paid",K185=0),"Paid, no payment",IF(AND(OR(G185="Failed",G185="Cancelled"),K185>0),"Payment on failed/cancelled",IF(K185>1,"Duplicate charge",IF(AND(K185=1,ROUND(L185-I185,2)<>0),"Amount difference",IF(AND(G185="Refunded",M185=0),"Refunded, no refund",IF(AND(G185<>"Refunded",M185>0),"Refund, order not Refunded",IF(AND(M185>0,ROUND(N185-I185,2)<>0),"Refund amount differs","OK"))))))) -> OK | P185: =IF(O185="OK",0,IF(O185="Paid, no payment",I185,IF(O185="Payment on failed/cancelled",L185,IF(OR(O185="Duplicate charge",O185="Amount difference"),L185-I185,IF(O185="Refunded, no refund",I185,N185))))) -> 0
A186: ORD26000185 | B186: 2026-09-09 | C186: CUST18330 | D186: Ahmedabad | E186: UPI | F186: 499.0 | G186: Paid | H186: =IF(MID(B186,5,1)="-",DATE(LEFT(B186,4),MID(B186,6,2),RIGHT(B186,2)),DATE(RIGHT(B186,4),MID(B186,4,2),LEFT(B186,2))) -> 46274 | I186: =VALUE(SUBSTITUTE(F186,",","")) -> 499 | J186: =IF(TRIM(D186)="","Unknown",TRIM(D186)) -> Ahmedabad | K186: =COUNTIFS(pg_transaction_cleaned!$O$2:$O$5743,A186,pg_transaction_cleaned!$F$2:$F$5743,"CAPTURE") -> 1 | L186: =SUMIFS(pg_transaction_cleaned!$H$2:$H$5743,pg_transaction_cleaned!$O$2:$O$5743,A186,pg_transaction_cleaned!$F$2:$F$5743,"CAPTURE") -> 499 | M186: =COUNTIFS(pg_transaction_cleaned!$O$2:$O$5743,A186,pg_transaction_cleaned!$F$2:$F$5743,"REFUND") -> 0 | N186: =SUMIFS(pg_transaction_cleaned!$H$2:$H$5743,pg_transaction_cleaned!$O$2:$O$5743,A186,pg_transaction_cleaned!$F$2:$F$5743,"REFUND") -> 0 | O186: =IF(AND(G186="Paid",K186=0),"Paid, no payment",IF(AND(OR(G186="Failed",G186="Cancelled"),K186>0),"Payment on failed/cancelled",IF(K186>1,"Duplicate charge",IF(AND(K186=1,ROUND(L186-I186,2)<>0),"Amount difference",IF(AND(G186="Refunded",M186=0),"Refunded, no refund",IF(AND(G186<>"Refunded",M186>0),"Refund, order not Refunded",IF(AND(M186>0,ROUND(N186-I186,2)<>0),"Refund amount differs","OK"))))))) -> OK | P186: =IF(O186="OK",0,IF(O186="Paid, no payment",I186,IF(O186="Payment on failed/cancelled",L186,IF(OR(O186="Duplicate charge",O186="Amount difference"),L186-I186,IF(O186="Refunded, no refund",I186,N186))))) -> 0
A187: ORD26000186 | B187: 2026-09-15 | C187: CUST39038 | D187: Lucknow | E187: UPI | F187: 1799.0 | G187: Paid | H187: =IF(MID(B187,5,1)="-",DATE(LEFT(B187,4),MID(B187,6,2),RIGHT(B187,2)),DATE(RIGHT(B187,4),MID(B187,4,2),LEFT(B187,2))) -> 46280 | I187: =VALUE(SUBSTITUTE(F187,",","")) -> 1799 | J187: =IF(TRIM(D187)="","Unknown",TRIM(D187)) -> Lucknow | K187: =COUNTIFS(pg_transaction_cleaned!$O$2:$O$5743,A187,pg_transaction_cleaned!$F$2:$F$5743,"CAPTURE") -> 1 | L187: =SUMIFS(pg_transaction_cleaned!$H$2:$H$5743,pg_transaction_cleaned!$O$2:$O$5743,A187,pg_transaction_cleaned!$F$2:$F$5743,"CAPTURE") -> 1799 | M187: =COUNTIFS(pg_transaction_cleaned!$O$2:$O$5743,A187,pg_transaction_cleaned!$F$2:$F$5743,"REFUND") -> 0 | N187: =SUMIFS(pg_transaction_cleaned!$H$2:$H$5743,pg_transaction_cleaned!$O$2:$O$5743,A187,pg_transaction_cleaned!$F$2:$F$5743,"REFUND") -> 0 | O187: =IF(AND(G187="Paid",K187=0),"Paid, no payment",IF(AND(OR(G187="Failed",G187="Cancelled"),K187>0),"Payment on failed/cancelled",IF(K187>1,"Duplicate charge",IF(AND(K187=1,ROUND(L187-I187,2)<>0),"Amount difference",IF(AND(G187="Refunded",M187=0),"Refunded, no refund",IF(AND(G187<>"Refunded",M187>0),"Refund, order not Refunded",IF(AND(M187>0,ROUND(N187-I187,2)<>0),"Refund amount differs","OK"))))))) -> OK | P187: =IF(O187="OK",0,IF(O187="Paid, no payment",I187,IF(O187="Payment on failed/cancelled",L187,IF(OR(O187="Duplicate charge",O187="Amount difference"),L187-I187,IF(O187="Refunded, no refund",I187,N187))))) -> 0
A188: ORD26000187 | B188: 2026-09-02 | C188: CUST14082 | D188: Mumbai | E188: UPI | F188: 15997.0 | G188: Paid | H188: =IF(MID(B188,5,1)="-",DATE(LEFT(B188,4),MID(B188,6,2),RIGHT(B188,2)),DATE(RIGHT(B188,4),MID(B188,4,2),LEFT(B188,2))) -> 46267 | I188: =VALUE(SUBSTITUTE(F188,",","")) -> 15997 | J188: =IF(TRIM(D188)="","Unknown",TRIM(D188)) -> Mumbai | K188: =COUNTIFS(pg_transaction_cleaned!$O$2:$O$5743,A188,pg_transaction_cleaned!$F$2:$F$5743,"CAPTURE") -> 1 | L188: =SUMIFS(pg_transaction_cleaned!$H$2:$H$5743,pg_transaction_cleaned!$O$2:$O$5743,A188,pg_transaction_cleaned!$F$2:$F$5743,"CAPTURE") -> 15997 | M188: =COUNTIFS(pg_transaction_cleaned!$O$2:$O$5743,A188,pg_transaction_cleaned!$F$2:$F$5743,"REFUND") -> 0 | N188: =SUMIFS(pg_transaction_cleaned!$H$2:$H$5743,pg_transaction_cleaned!$O$2:$O$5743,A188,pg_transaction_cleaned!$F$2:$F$5743,"REFUND") -> 0 | O188: =IF(AND(G188="Paid",K188=0),"Paid, no payment",IF(AND(OR(G188="Failed",G188="Cancelled"),K188>0),"Payment on failed/cancelled",IF(K188>1,"Duplicate charge",IF(AND(K188=1,ROUND(L188-I188,2)<>0),"Amount difference",IF(AND(G188="Refunded",M188=0),"Refunded, no refund",IF(AND(G188<>"Refunded",M188>0),"Refund, order not Refunded",IF(AND(M188>0,ROUND(N188-I188,2)<>0),"Refund amount differs","OK"))))))) -> OK | P188: =IF(O188="OK",0,IF(O188="Paid, no payment",I188,IF(O188="Payment on failed/cancelled",L188,IF(OR(O188="Duplicate charge",O188="Amount difference"),L188-I188,IF(O188="Refunded, no refund",I188,N188))))) -> 0
A189: ORD26000188 | B189: 16-09-2026 | C189: CUST68138 | D189: Pune | E189: Card | F189: 4,298.00 | G189: Paid | H189: =IF(MID(B189,5,1)="-",DATE(LEFT(B189,4),MID(B189,6,2),RIGHT(B189,2)),DATE(RIGHT(B189,4),MID(B189,4,2),LEFT(B189,2))) -> 46281 | I189: =VALUE(SUBSTITUTE(F189,",","")) -> 4298 | J189: =IF(TRIM(D189)="","Unknown",TRIM(D189)) -> Pune | K189: =COUNTIFS(pg_transaction_cleaned!$O$2:$O$5743,A189,pg_transaction_cleaned!$F$2:$F$5743,"CAPTURE") -> 1 | L189: =SUMIFS(pg_transaction_cleaned!$H$2:$H$5743,pg_transaction_cleaned!$O$2:$O$5743,A189,pg_transaction_cleaned!$F$2:$F$5743,"CAPTURE") -> 4298 | M189: =COUNTIFS(pg_transaction_cleaned!$O$2:$O$5743,A189,pg_transaction_cleaned!$F$2:$F$5743,"REFUND") -> 0 | N189: =SUMIFS(pg_transaction_cleaned!$H$2:$H$5743,pg_transaction_cleaned!$O$2:$O$5743,A189,pg_transaction_cleaned!$F$2:$F$5743,"REFUND") -> 0 | O189: =IF(AND(G189="Paid",K189=0),"Paid, no payment",IF(AND(OR(G189="Failed",G189="Cancelled"),K189>0),"Payment on failed/cancelled",IF(K189>1,"Duplicate charge",IF(AND(K189=1,ROUND(L189-I189,2)<>0),"Amount difference",IF(AND(G189="Refunded",M189=0),"Refunded, no refund",IF(AND(G189<>"Refunded",M189>0),"Refund, order not Refunded",IF(AND(M189>0,ROUND(N189-I189,2)<>0),"Refund amount differs","OK"))))))) -> OK | P189: =IF(O189="OK",0,IF(O189="Paid, no payment",I189,IF(O189="Payment on failed/cancelled",L189,IF(OR(O189="Duplicate charge",O189="Amount difference"),L189-I189,IF(O189="Refunded, no refund",I189,N189))))) -> 0
A190: ORD26000189 | B190: 2026-09-29 | C190: CUST46046 | D190: Lucknow | E190: UPI | F190: 999.0 | G190: Paid | H190: =IF(MID(B190,5,1)="-",DATE(LEFT(B190,4),MID(B190,6,2),RIGHT(B190,2)),DATE(RIGHT(B190,4),MID(B190,4,2),LEFT(B190,2))) -> 46294 | I190: =VALUE(SUBSTITUTE(F190,",","")) -> 999 | J190: =IF(TRIM(D190)="","Unknown",TRIM(D190)) -> Lucknow | K190: =COUNTIFS(pg_transaction_cleaned!$O$2:$O$5743,A190,pg_transaction_cleaned!$F$2:$F$5743,"CAPTURE") -> 1 | L190: =SUMIFS(pg_transaction_cleaned!$H$2:$H$5743,pg_transaction_cleaned!$O$2:$O$5743,A190,pg_transaction_cleaned!$F$2:$F$5743,"CAPTURE") -> 999 | M190: =COUNTIFS(pg_transaction_cleaned!$O$2:$O$5743,A190,pg_transaction_cleaned!$F$2:$F$5743,"REFUND") -> 0 | N190: =SUMIFS(pg_transaction_cleaned!$H$2:$H$5743,pg_transaction_cleaned!$O$2:$O$5743,A190,pg_transaction_cleaned!$F$2:$F$5743,"REFUND") -> 0 | O190: =IF(AND(G190="Paid",K190=0),"Paid, no payment",IF(AND(OR(G190="Failed",G190="Cancelled"),K190>0),"Payment on failed/cancelled",IF(K190>1,"Duplicate charge",IF(AND(K190=1,ROUND(L190-I190,2)<>0),"Amount difference",IF(AND(G190="Refunded",M190=0),"Refunded, no refund",IF(AND(G190<>"Refunded",M190>0),"Refund, order not Refunded",IF(AND(M190>0,ROUND(N190-I190,2)<>0),"Refund amount differs","OK"))))))) -> OK | P190: =IF(O190="OK",0,IF(O190="Paid, no payment",I190,IF(O190="Payment on failed/cancelled",L190,IF(OR(O190="Duplicate charge",O190="Amount difference"),L190-I190,IF(O190="Refunded, no refund",I190,N190))))) -> 0
A191: ORD26000190 | B191: 21-09-2026 | C191: CUST79541 | D191: Hyderabad | E191: Wallet | F191: 5298.0 | G191: Paid | H191: =IF(MID(B191,5,1)="-",DATE(LEFT(B191,4),MID(B191,6,2),RIGHT(B191,2)),DATE(RIGHT(B191,4),MID(B191,4,2),LEFT(B191,2))) -> 46286 | I191: =VALUE(SUBSTITUTE(F191,",","")) -> 5298 | J191: =IF(TRIM(D191)="","Unknown",TRIM(D191)) -> Hyderabad | K191: =COUNTIFS(pg_transaction_cleaned!$O$2:$O$5743,A191,pg_transaction_cleaned!$F$2:$F$5743,"CAPTURE") -> 1 | L191: =SUMIFS(pg_transaction_cleaned!$H$2:$H$5743,pg_transaction_cleaned!$O$2:$O$5743,A191,pg_transaction_cleaned!$F$2:$F$5743,"CAPTURE") -> 5298 | M191: =COUNTIFS(pg_transaction_cleaned!$O$2:$O$5743,A191,pg_transaction_cleaned!$F$2:$F$5743,"REFUND") -> 0 | N191: =SUMIFS(pg_transaction_cleaned!$H$2:$H$5743,pg_transaction_cleaned!$O$2:$O$5743,A191,pg_transaction_cleaned!$F$2:$F$5743,"REFUND") -> 0 | O191: =IF(AND(G191="Paid",K191=0),"Paid, no payment",IF(AND(OR(G191="Failed",G191="Cancelled"),K191>0),"Payment on failed/cancelled",IF(K191>1,"Duplicate charge",IF(AND(K191=1,ROUND(L191-I191,2)<>0),"Amount difference",IF(AND(G191="Refunded",M191=0),"Refunded, no refund",IF(AND(G191<>"Refunded",M191>0),"Refund, order not Refunded",IF(AND(M191>0,ROUND(N191-I191,2)<>0),"Refund amount differs","OK"))))))) -> OK | P191: =IF(O191="OK",0,IF(O191="Paid, no payment",I191,IF(O191="Payment on failed/cancelled",L191,IF(OR(O191="Duplicate charge",O191="Amount difference"),L191-I191,IF(O191="Refunded, no refund",I191,N191))))) -> 0
A192: ORD26000191 | B192: 2026-09-15 | C192: CUST95814 | D192: Jaipur | E192: Card | F192: 3798.0 | G192: Paid | H192: =IF(MID(B192,5,1)="-",DATE(LEFT(B192,4),MID(B192,6,2),RIGHT(B192,2)),DATE(RIGHT(B192,4),MID(B192,4,2),LEFT(B192,2))) -> 46280 | I192: =VALUE(SUBSTITUTE(F192,",","")) -> 3798 | J192: =IF(TRIM(D192)="","Unknown",TRIM(D192)) -> Jaipur | K192: =COUNTIFS(pg_transaction_cleaned!$O$2:$O$5743,A192,pg_transaction_cleaned!$F$2:$F$5743,"CAPTURE") -> 1 | L192: =SUMIFS(pg_transaction_cleaned!$H$2:$H$5743,pg_transaction_cleaned!$O$2:$O$5743,A192,pg_transaction_cleaned!$F$2:$F$5743,"CAPTURE") -> 3798 | M192: =COUNTIFS(pg_transaction_cleaned!$O$2:$O$5743,A192,pg_transaction_cleaned!$F$2:$F$5743,"REFUND") -> 0 | N192: =SUMIFS(pg_transaction_cleaned!$H$2:$H$5743,pg_transaction_cleaned!$O$2:$O$5743,A192,pg_transaction_cleaned!$F$2:$F$5743,"REFUND") -> 0 | O192: =IF(AND(G192="Paid",K192=0),"Paid, no payment",IF(AND(OR(G192="Failed",G192="Cancelled"),K192>0),"Payment on failed/cancelled",IF(K192>1,"Duplicate charge",IF(AND(K192=1,ROUND(L192-I192,2)<>0),"Amount difference",IF(AND(G192="Refunded",M192=0),"Refunded, no refund",IF(AND(G192<>"Refunded",M192>0),"Refund, order not Refunded",IF(AND(M192>0,ROUND(N192-I192,2)<>0),"Refund amount differs","OK"))))))) -> OK | P192: =IF(O192="OK",0,IF(O192="Paid, no payment",I192,IF(O192="Payment on failed/cancelled",L192,IF(OR(O192="Duplicate charge",O192="Amount difference"),L192-I192,IF(O192="Refunded, no refund",I192,N192))))) -> 0
A193: ORD26000192 | B193: 24-09-2026 | C193: CUST54424 | D193: Ahmedabad | E193: UPI | F193: 1299.0 | G193: Paid | H193: =IF(MID(B193,5,1)="-",DATE(LEFT(B193,4),MID(B193,6,2),RIGHT(B193,2)),DATE(RIGHT(B193,4),MID(B193,4,2),LEFT(B193,2))) -> 46289 | I193: =VALUE(SUBSTITUTE(F193,",","")) -> 1299 | J193: =IF(TRIM(D193)="","Unknown",TRIM(D193)) -> Ahmedabad | K193: =COUNTIFS(pg_transaction_cleaned!$O$2:$O$5743,A193,pg_transaction_cleaned!$F$2:$F$5743,"CAPTURE") -> 1 | L193: =SUMIFS(pg_transaction_cleaned!$H$2:$H$5743,pg_transaction_cleaned!$O$2:$O$5743,A193,pg_transaction_cleaned!$F$2:$F$5743,"CAPTURE") -> 1299 | M193: =COUNTIFS(pg_transaction_cleaned!$O$2:$O$5743,A193,pg_transaction_cleaned!$F$2:$F$5743,"REFUND") -> 0 | N193: =SUMIFS(pg_transaction_cleaned!$H$2:$H$5743,pg_transaction_cleaned!$O$2:$O$5743,A193,pg_transaction_cleaned!$F$2:$F$5743,"REFUND") -> 0 | O193: =IF(AND(G193="Paid",K193=0),"Paid, no payment",IF(AND(OR(G193="Failed",G193="Cancelled"),K193>0),"Payment on failed/cancelled",IF(K193>1,"Duplicate charge",IF(AND(K193=1,ROUND(L193-I193,2)<>0),"Amount difference",IF(AND(G193="Refunded",M193=0),"Refunded, no refund",IF(AND(G193<>"Refunded",M193>0),"Refund, order not Refunded",IF(AND(M193>0,ROUND(N193-I193,2)<>0),"Refund amount differs","OK"))))))) -> OK | P193: =IF(O193="OK",0,IF(O193="Paid, no payment",I193,IF(O193="Payment on failed/cancelled",L193,IF(OR(O193="Duplicate charge",O193="Amount difference"),L193-I193,IF(O193="Refunded, no refund",I193,N193))))) -> 0
... A235: ORD26000234 | B235: 17-09-2026 | C235: CUST54140 | D235: Lucknow | E235: UPI | F235: 11498.0 | G235: Failed | H235: =IF(MID(B235,5,1)="-",DATE(LEFT(B235,4),MID(B235,6,2),RIGHT(B235,2)),DATE(RIGHT(B235,4),MID(B235,4,2),LEFT(B235,2))) -> 46282 | I235: =VALUE(SUBSTITUTE(F235,",","")) -> 11498 | J235: =IF(TRIM(D235)="","Unknown",TRIM(D235)) -> Lucknow | K235: =COUNTIFS(pg_transaction_cleaned!$O$2:$O$5743,A235,pg_transaction_cleaned!$F$2:$F$5743,"CAPTURE") -> 0 | L235: =SUMIFS(pg_transaction_cleaned!$H$2:$H$5743,pg_transaction_cleaned!$O$2:$O$5743,A235,pg_transaction_cleaned!$F$2:$F$5743,"CAPTURE") -> 0 | M235: =COUNTIFS(pg_transaction_cleaned!$O$2:$O$5743,A235,pg_transaction_cleaned!$F$2:$F$5743,"REFUND") -> 0 | N235: =SUMIFS(pg_transaction_cleaned!$H$2:$H$5743,pg_transaction_cleaned!$O$2:$O$5743,A235,pg_transaction_cleaned!$F$2:$F$5743,"REFUND") -> 0 | O235: =IF(AND(G235="Paid",K235=0),"Paid, no payment",IF(AND(OR(G235="Failed",G235="Cancelled"),K235>0),"Payment on failed/cancelled",IF(K235>1,"Duplicate charge",IF(AND(K235=1,ROUND(L235-I235,2)<>0),"Amount difference",IF(AND(G235="Refunded",M235=0),"Refunded, no refund",IF(AND(G235<>"Refunded",M235>0),"Refund, order not Refunded",IF(AND(M235>0,ROUND(N235-I235,2)<>0),"Refund amount differs","OK"))))))) -> OK | P235: =IF(O235="OK",0,IF(O235="Paid, no payment",I235,IF(O235="Payment on failed/cancelled",L235,IF(OR(O235="Duplicate charge",O235="Amount difference"),L235-I235,IF(O235="Refunded, no refund",I235,N235))))) -> 0
A236: ORD26000235 | B236: 05-09-2026 | C236: CUST91885 | E236: NetBanking | F236: 1798.0 | G236: Paid | H236: =IF(MID(B236,5,1)="-",DATE(LEFT(B236,4),MID(B236,6,2),RIGHT(B236,2)),DATE(RIGHT(B236,4),MID(B236,4,2),LEFT(B236,2))) -> 46270 | I236: =VALUE(SUBSTITUTE(F236,",","")) -> 1798 | J236: =IF(TRIM(D236)="","Unknown",TRIM(D236)) -> Unknown | K236: =COUNTIFS(pg_transaction_cleaned!$O$2:$O$5743,A236,pg_transaction_cleaned!$F$2:$F$5743,"CAPTURE") -> 1 | L236: =SUMIFS(pg_transaction_cleaned!$H$2:$H$5743,pg_transaction_cleaned!$O$2:$O$5743,A236,pg_transaction_cleaned!$F$2:$F$5743,"CAPTURE") -> 1798 | M236: =COUNTIFS(pg_transaction_cleaned!$O$2:$O$5743,A236,pg_transaction_cleaned!$F$2:$F$5743,"REFUND") -> 0 | N236: =SUMIFS(pg_transaction_cleaned!$H$2:$H$5743,pg_transaction_cleaned!$O$2:$O$5743,A236,pg_transaction_cleaned!$F$2:$F$5743,"REFUND") -> 0 | O236: =IF(AND(G236="Paid",K236=0),"Paid, no payment",IF(AND(OR(G236="Failed",G236="Cancelled"),K236>0),"Payment on failed/cancelled",IF(K236>1,"Duplicate charge",IF(AND(K236=1,ROUND(L236-I236,2)<>0),"Amount difference",IF(AND(G236="Refunded",M236=0),"Refunded, no refund",IF(AND(G236<>"Refunded",M236>0),"Refund, order not Refunded",IF(AND(M236>0,ROUND(N236-I236,2)<>0),"Refund amount differs","OK"))))))) -> OK | P236: =IF(O236="OK",0,IF(O236="Paid, no payment",I236,IF(O236="Payment on failed/cancelled",L236,IF(OR(O236="Duplicate charge",O236="Amount difference"),L236-I236,IF(O236="Refunded, no refund",I236,N236))))) -> 0
A237: ORD26000236 | B237: 2026-09-24 | C237: CUST68222 | D237: Lucknow | E237: Card | F237: 1598.0 | G237: Paid | H237: =IF(MID(B237,5,1)="-",DATE(LEFT(B237,4),MID(B237,6,2),RIGHT(B237,2)),DATE(RIGHT(B237,4),MID(B237,4,2),LEFT(B237,2))) -> 46289 | I237: =VALUE(SUBSTITUTE(F237,",","")) -> 1598 | J237: =IF(TRIM(D237)="","Unknown",TRIM(D237)) -> Lucknow | K237: =COUNTIFS(pg_transaction_cleaned!$O$2:$O$5743,A237,pg_transaction_cleaned!$F$2:$F$5743,"CAPTURE") -> 1 | L237: =SUMIFS(pg_transaction_cleaned!$H$2:$H$5743,pg_transaction_cleaned!$O$2:$O$5743,A237,pg_transaction_cleaned!$F$2:$F$5743,"CAPTURE") -> 1598 | M237: =COUNTIFS(pg_transaction_cleaned!$O$2:$O$5743,A237,pg_transaction_cleaned!$F$2:$F$5743,"REFUND") -> 0 | N237: =SUMIFS(pg_transaction_cleaned!$H$2:$H$5743,pg_transaction_cleaned!$O$2:$O$5743,A237,pg_transaction_cleaned!$F$2:$F$5743,"REFUND") -> 0 | O237: =IF(AND(G237="Paid",K237=0),"Paid, no payment",IF(AND(OR(G237="Failed",G237="Cancelled"),K237>0),"Payment on failed/cancelled",IF(K237>1,"Duplicate charge",IF(AND(K237=1,ROUND(L237-I237,2)<>0),"Amount difference",IF(AND(G237="Refunded",M237=0),"Refunded, no refund",IF(AND(G237<>"Refunded",M237>0),"Refund, order not Refunded",IF(AND(M237>0,ROUND(N237-I237,2)<>0),"Refund amount differs","OK"))))))) -> OK | P237: =IF(O237="OK",0,IF(O237="Paid, no payment",I237,IF(O237="Payment on failed/cancelled",L237,IF(OR(O237="Duplicate charge",O237="Amount difference"),L237-I237,IF(O237="Refunded, no refund",I237,N237))))) -> 0
A238: ORD26000237 | B238: 2026-09-10 | C238: CUST71474 | D238: Bengaluru | E238: UPI | F238: 7097.0 | G238: Paid | H238: =IF(MID(B238,5,1)="-",DATE(LEFT(B238,4),MID(B238,6,2),RIGHT(B238,2)),DATE(RIGHT(B238,4),MID(B238,4,2),LEFT(B238,2))) -> 46275 | I238: =VALUE(SUBSTITUTE(F238,",","")) -> 7097 | J238: =IF(TRIM(D238)="","Unknown",TRIM(D238)) -> Bengaluru | K238: =COUNTIFS(pg_transaction_cleaned!$O$2:$O$5743,A238,pg_transaction_cleaned!$F$2:$F$5743,"CAPTURE") -> 1 | L238: =SUMIFS(pg_transaction_cleaned!$H$2:$H$5743,pg_transaction_cleaned!$O$2:$O$5743,A238,pg_transaction_cleaned!$F$2:$F$5743,"CAPTURE") -> 7097 | M238: =COUNTIFS(pg_transaction_cleaned!$O$2:$O$5743,A238,pg_transaction_cleaned!$F$2:$F$5743,"REFUND") -> 0 | N238: =SUMIFS(pg_transaction_cleaned!$H$2:$H$5743,pg_transaction_cleaned!$O$2:$O$5743,A238,pg_transaction_cleaned!$F$2:$F$5743,"REFUND") -> 0 | O238: =IF(AND(G238="Paid",K238=0),"Paid, no payment",IF(AND(OR(G238="Failed",G238="Cancelled"),K238>0),"Payment on failed/cancelled",IF(K238>1,"Duplicate charge",IF(AND(K238=1,ROUND(L238-I238,2)<>0),"Amount difference",IF(AND(G238="Refunded",M238=0),"Refunded, no refund",IF(AND(G238<>"Refunded",M238>0),"Refund, order not Refunded",IF(AND(M238>0,ROUND(N238-I238,2)<>0),"Refund amount differs","OK"))))))) -> OK | P238: =IF(O238="OK",0,IF(O238="Paid, no payment",I238,IF(O238="Payment on failed/cancelled",L238,IF(OR(O238="Duplicate charge",O238="Amount difference"),L238-I238,IF(O238="Refunded, no refund",I238,N238))))) -> 0
A239: ORD26000238 | B239: 12-09-2026 | C239: CUST75916 | D239: Jaipur | E239: Card | F239: 5497.0 | G239: Paid | H239: =IF(MID(B239,5,1)="-",DATE(LEFT(B239,4),MID(B239,6,2),RIGHT(B239,2)),DATE(RIGHT(B239,4),MID(B239,4,2),LEFT(B239,2))) -> 46277 | I239: =VALUE(SUBSTITUTE(F239,",","")) -> 5497 | J239: =IF(TRIM(D239)="","Unknown",TRIM(D239)) -> Jaipur | K239: =COUNTIFS(pg_transaction_cleaned!$O$2:$O$5743,A239,pg_transaction_cleaned!$F$2:$F$5743,"CAPTURE") -> 1 | L239: =SUMIFS(pg_transaction_cleaned!$H$2:$H$5743,pg_transaction_cleaned!$O$2:$O$5743,A239,pg_transaction_cleaned!$F$2:$F$5743,"CAPTURE") -> 5497 | M239: =COUNTIFS(pg_transaction_cleaned!$O$2:$O$5743,A239,pg_transaction_cleaned!$F$2:$F$5743,"REFUND") -> 0 | N239: =SUMIFS(pg_transaction_cleaned!$H$2:$H$5743,pg_transaction_cleaned!$O$2:$O$5743,A239,pg_transaction_cleaned!$F$2:$F$5743,"REFUND") -> 0 | O239: =IF(AND(G239="Paid",K239=0),"Paid, no payment",IF(AND(OR(G239="Failed",G239="Cancelled"),K239>0),"Payment on failed/cancelled",IF(K239>1,"Duplicate charge",IF(AND(K239=1,ROUND(L239-I239,2)<>0),"Amount difference",IF(AND(G239="Refunded",M239=0),"Refunded, no refund",IF(AND(G239<>"Refunded",M239>0),"Refund, order not Refunded",IF(AND(M239>0,ROUND(N239-I239,2)<>0),"Refund amount differs","OK"))))))) -> OK | P239: =IF(O239="OK",0,IF(O239="Paid, no payment",I239,IF(O239="Payment on failed/cancelled",L239,IF(OR(O239="Duplicate charge",O239="Amount difference"),L239-I239,IF(O239="Refunded, no refund",I239,N239))))) -> 0
...

Sheet orders
A1: order_id | B1: order_date | C1: customer_id | D1: city | E1: payment_method | F1: order_amount | G1: order_status | H1: oder_amount_cleaned | I1: city_clean | J1: capture_count | K1: capture_gross | L1: refund_count | M1: refund_amount | N1: exception_type | O1: expection_value
A2: ORD26000001 | B2: 46286 | C2: CUST28289 | D2: Pune | E2: UPI | F2: 299 | G2: Paid | H2: 299 | I2: Pune | J2: 1 | K2: 299 | L2: 0 | M2: 0 | N2: OK | O2: 0
A3: ORD26000002 | B3: 46287 | C3: CUST38657 | D3: Bengaluru | E3: UPI | F3: 4647 | G3: Paid | H3: 4647 | I3: Bengaluru | J3: 1 | K3: 4647 | L3: 0 | M3: 0 | N3: OK | O3: 0
A4: ORD26000003 | B4: 46282 | C4: CUST81426 | D4: Kolkata | E4: Card | F4: 2098 | G4: Paid | H4: 2098 | I4: Kolkata | J4: 1 | K4: 2098 | L4: 0 | M4: 0 | N4: OK | O4: 0
A5: ORD26000004 | B5: 46273 | C5: CUST30926 | D5: Kolkata | E5: UPI | F5: 3298 | G5: Paid | H5: 3298 | I5: Kolkata | J5: 1 | K5: 3298 | L5: 0 | M5: 0 | N5: OK | O5: 0
A6: ORD26000005 | B6: 46276 | C6: CUST23396 | D6: Pune | E6: Card | F6: 499 | G6: Paid | H6: 499 | I6: Pune | J6: 1 | K6: 499 | L6: 0 | M6: 0 | N6: OK | O6: 0
A7: ORD26000006 | B7: 46278 | C7: CUST15695 | D7: Ahmedabad | E7: Card | F7: 999 | G7: Paid | H7: 999 | I7: Ahmedabad | J7: 1 | K7: 999 | L7: 0 | M7: 0 | N7: OK | O7: 0
A8: ORD26000007 | B8: 46283 | C8: CUST92397 | D8: Lucknow | E8: UPI | F8: 1299 | G8: Paid | H8: 1299 | I8: Lucknow | J8: 1 | K8: 1299 | L8: 0 | M8: 0 | N8: OK | O8: 0
A9: ORD26000008 | B9: 46294 | C9: CUST96673 | D9: Bengaluru | E9: UPI | F9: 2499 | G9: Paid | H9: 2499 | I9: Bengaluru | J9: 1 | K9: 2499 | L9: 0 | M9: 0 | N9: OK | O9: 0
A10: ORD26000009 | B10: 46290 | C10: CUST59823 | D10: Hyderabad | E10: NetBanking | F10: 349 | G10: Paid | H10: 349 | I10: Hyderabad | J10: 1 | K10: 349 | L10: 0 | M10: 0 | N10: OK | O10: 0
A11: ORD26000010 | B11: 46280 | C11: CUST44993 | D11: Pune | E11: UPI | F11: 9497 | G11: Paid | H11: 9497 | I11: Pune | J11: 1 | K11: 9497 | L11: 0 | M11: 0 | N11: OK | O11: 0
A12: ORD26000011 | B12: 46285 | C12: CUST45382 | D12: Jaipur | E12: UPI | F12: 5797 | G12: Paid | H12: 5797 | I12: Jaipur | J12: 1 | K12: 5797 | L12: 0 | M12: 0 | N12: OK | O12: 0
A13: ORD26000012 | B13: 46273 | C13: CUST14207 | D13: Chennai | E13: UPI | F13: 13997 | G13: Paid | H13: 13997 | I13: Chennai | J13: 1 | K13: 13997 | L13: 0 | M13: 0 | N13: OK | O13: 0
... A80: ORD26000079 | B80: 46285 | C80: CUST76162 | D80: Kolkata | E80: Card | F80: 4999 | G80: Failed | H80: 4999 | I80: Kolkata | J80: 0 | K80: 0 | L80: 0 | M80: 0 | N80: OK | O80: 0
A81: ORD26000080 | B81: 46292 | C81: CUST43972 | E81: UPI | F81: 1998 | G81: Paid | H81: 1998 | I81: Unknown | J81: 1 | K81: 1998 | L81: 0 | M81: 0 | N81: OK | O81: 0
A82: ORD26000081 | B82: 46292 | C82: CUST45992 | D82: Ahmedabad | E82: Card | F82: 10797 | G82: Paid | H82: 10797 | I82: Ahmedabad | J82: 1 | K82: 10797 | L82: 0 | M82: 0 | N82: OK | O82: 0
A83: ORD26000082 | B83: 46268 | C83: CUST20561 | D83: Delhi | E83: Wallet | F83: 2197 | G83: Paid | H83: 2197 | I83: Delhi | J83: 1 | K83: 2197 | L83: 0 | M83: 0 | N83: OK | O83: 0
A84: ORD26000083 | B84: 46270 | C84: CUST18418 | D84: Kolkata | E84: Card | F84: 1299 | G84: Paid | H84: 1299 | I84: Kolkata | J84: 1 | K84: 1299 | L84: 0 | M84: 0 | N84: OK | O84: 0
A85: ORD26000084 | B85: 46279 | C85: CUST65069 | D85: Kolkata | E85: UPI | F85: 1799 | G85: Paid | H85: 1799 | I85: Kolkata | J85: 1 | K85: 1799 | L85: 0 | M85: 0 | N85: OK | O85: 0
A86: ORD26000085 | B86: 46294 | C86: CUST59857 | D86: Ahmedabad | E86: Card | F86: 3798 | G86: Paid | H86: 3798 | I86: Ahmedabad | J86: 1 | K86: 3798 | L86: 0 | M86: 0 | N86: OK | O86: 0
A87: ORD26000086 | B87: 46266 | C87: CUST64921 | D87: Jaipur | E87: NetBanking | F87: 799 | G87: Paid | H87: 799 | I87: Jaipur | J87: 1 | K87: 799 | L87: 0 | M87: 0 | N87: OK | O87: 0
A88: ORD26000087 | B88: 46289 | C88: CUST45774 | D88: Kolkata | E88: UPI | F88: 9297 | G88: Failed | H88: 9297 | I88: Kolkata | J88: 0 | K88: 0 | L88: 0 | M88: 0 | N88: OK | O88: 0
A89: ORD26000088 | B89: 46281 | C89: CUST62994 | D89: Delhi | E89: Card | F89: 1299 | G89: Paid | H89: 1299 | I89: Delhi | J89: 1 | K89: 1299 | L89: 0 | M89: 0 | N89: OK | O89: 0
A90: ORD26000089 | B90: 46292 | C90: CUST87580 | D90: Lucknow | E90: Wallet | F90: 2998 | G90: Paid | H90: 2998 | I90: Lucknow | J90: 1 | K90: 2998 | L90: 0 | M90: 0 | N90: OK | O90: 0
A91: ORD26000090 | B91: 46287 | C91: CUST70515 | D91: Delhi | E91: UPI | F91: 349 | G91: Paid | H91: 349 | I91: Delhi | J91: 1 | K91: 349 | L91: 0 | M91: 0 | N91: OK | O91: 0
A92: ORD26000091 | B92: 46267 | C92: CUST54236 | D92: Kolkata | E92: UPI | F92: 1299 | G92: Paid | H92: 1299 | I92: Kolkata | J92: 1 | K92: 1299 | L92: 0 | M92: 0 | N92: OK | O92: 0
A93: ORD26000092 | B93: 46274 | C93: CUST80702 | D93: Mumbai | E93: UPI | F93: 8798 | G93: Paid | H93: 8798 | I93: Mumbai | J93: 1 | K93: 8798 | L93: 0 | M93: 0 | N93: OK | O93: 0
... A126: ORD26000125 | B126: 46269 | C126: CUST28643 | D126: Pune | E126: UPI | F126: 3598 | G126: Paid | H126: 3598 | I126: Pune | J126: 1 | K126: 3598 | L126: 0 | M126: 0 | N126: OK | O126: 0
A127: ORD26000126 | B127: 46267 | C127: CUST84607 | E127: Card | F127: 4999 | G127: Paid | H127: 4999 | I127: Unknown | J127: 1 | K127: 4999 | L127: 0 | M127: 0 | N127: OK | O127: 0
A128: ORD26000127 | B128: 46280 | C128: CUST45683 | D128: Jaipur | E128: Card | F128: 1499 | G128: Paid | H128: 1499 | I128: Jaipur | J128: 1 | K128: 1499 | L128: 0 | M128: 0 | N128: OK | O128: 0
A129: ORD26000128 | B129: 46283 | C129: CUST52247 | D129: Lucknow | E129: Wallet | F129: 1848 | G129: Paid | H129: 1848 | I129: Lucknow | J129: 1 | K129: 1848 | L129: 0 | M129: 0 | N129: OK | O129: 0
A130: ORD26000129 | B130: 46274 | C130: CUST85392 | D130: Lucknow | E130: Card | F130: 349 | G130: Paid | H130: 349 | I130: Lucknow | J130: 1 | K130: 349 | L130: 0 | M130: 0 | N130: OK | O130: 0
A131: ORD26000130 | B131: 46266 | C131: CUST71669 | D131: Jaipur | E131: Card | F131: 11297 | G131: Paid | H131: 11297 | I131: Jaipur | J131: 1 | K131: 11297 | L131: 0 | M131: 0 | N131: OK | O131: 0
A132: ORD26000131 | B132: 46286 | C132: CUST74451 | D132: Pune | E132: UPI | F132: 1298 | G132: Refunded | H132: 1298 | I132: Pune | J132: 1 | K132: 1298 | L132: 1 | M132: 1298 | N132: OK | O132: 0
A133: ORD26000132 | B133: 46281 | C133: CUST31079 | D133: Chennai | E133: Card | F133: 1299 | G133: Paid | H133: 1299 | I133: Chennai | J133: 1 | K133: 1299 | L133: 0 | M133: 0 | N133: OK | O133: 0
A134: ORD26000133 | B134: 46279 | C134: CUST82102 | D134: Mumbai | E134: NetBanking | F134: 5297 | G134: Cancelled | H134: 5297 | I134: Mumbai | J134: 0 | K134: 0 | L134: 0 | M134: 0 | N134: OK | O134: 0
A135: ORD26000134 | B135: 46280 | C135: CUST62976 | D135: Jaipur | E135: UPI | F135: 999 | G135: Paid | H135: 999 | I135: Jaipur | J135: 1 | K135: 999 | L135: 0 | M135: 0 | N135: OK | O135: 0
A136: ORD26000135 | B136: 46292 | C136: CUST17104 | D136: Bengaluru | E136: UPI | F136: 2999 | G136: Paid | H136: 2999 | I136: Bengaluru | J136: 1 | K136: 2999 | L136: 0 | M136: 0 | N136: OK | O136: 0
A137: ORD26000136 | B137: 46282 | C137: CUST16764 | D137: Bengaluru | E137: Card | F137: 2499 | G137: Paid | H137: 2499 | I137: Bengaluru | J137: 1 | K137: 2499 | L137: 0 | M137: 0 | N137: OK | O137: 0
A138: ORD26000137 | B138: 46274 | C138: CUST25915 | E138: Card | F138: 1298 | G138: Paid | H138: 1298 | I138: Unknown | J138: 1 | K138: 1298 | L138: 0 | M138: 0 | N138: OK | O138: 0
A139: ORD26000138 | B139: 46286 | C139: CUST11792 | D139: Jaipur | E139: UPI | F139: 5598 | G139: Paid | H139: 5598 | I139: Jaipur | J139: 1 | K139: 5598 | L139: 0 | M139: 0 | N139: OK | O139: 0
